{
  "type": "FeatureCollection",
  "features": [
    {
      "type": "Feature",
      "properties": {
        "MJ": null,
        "BZ": null,
        "MC": "MC",
        "DM": "500000000000",
        "FLDM": null,
        "ZZJGDM": null,
        "SZDDZ": null,
        "LX": "11",
        "GXSJ": null,
        "SHAPE_AREA": 7.70988,
        "SHAPE_LEN": 31.287539
      },
      "geometry": {
        "type": "Polygon",
        "coordinates": [
          [
            [
              106.44781999741139,
              29.627779409657023
            ],
            [
              106.44784127267263,
              29.628120463147468
            ],
            [
              106.44785927709967,
              29.628267470823005
            ],
            [
              106.44788103169952,
              29.628389762431198
            ],
            [
              106.44800882805788,
              29.628744536877832
            ],
            [
              106.44819384108234,
              29.629110748902065
            ],
            [
              106.44840430402093,
              29.629483538567627
            ],
            [
              106.44861727337002,
              29.62987178218293
            ],
            [
              106.44877931860918,
              29.63020758003546
            ],
            [
              106.44895032918964,
              29.630574601449496
            ],
            [
              106.44908833285302,
              29.630809616778834
            ],
            [
              106.4492593398362,
              29.63103463074782
            ],
            [
              106.44944934679592,
              29.631247645063013
            ],
            [
              106.44952707969554,
              29.63133853504388
            ],
            [
              106.44995051198322,
              29.631758152407542
            ],
            [
              106.45047694092489,
              29.632286488811246
            ],
            [
              106.45073633957242,
              29.63254970328211
            ],
            [
              106.451054867744,
              29.632942617976028
            ],
            [
              106.45130341067528,
              29.63327078777911
            ],
            [
              106.45134669324591,
              29.633366049364383
            ],
            [
              106.45139341932054,
              29.633618805619335
            ],
            [
              106.45142742088785,
              29.633735811012684
            ],
            [
              106.45152407642229,
              29.633884849357344
            ],
            [
              106.45172625570564,
              29.634088936102728
            ],
            [
              106.45196848989286,
              29.63427013420312
            ],
            [
              106.45223361182576,
              29.634413185761048
            ],
            [
              106.45232516460698,
              29.63445133320289
            ],
            [
              106.45275622584342,
              29.63457721760261
            ],
            [
              106.45328265478514,
              29.635029260021952
            ],
            [
              106.4535401468699,
              29.635246698102208
            ],
            [
              106.45443469529789,
              29.635805552099725
            ],
            [
              106.45456951266328,
              29.6359829982286
            ],
            [
              106.45471651674154,
              29.636184011990622
            ],
            [
              106.45477992523985,
              29.636267131829186
            ],
            [
              106.45576793391109,
              29.636904187273046
            ],
            [
              106.45595294693555,
              29.637031979134804
            ],
            [
              106.45629245539078,
              29.637276120784065
            ],
            [
              106.45661098266305,
              29.637625165650036
            ],
            [
              106.45667011128779,
              29.637865492375283
            ],
            [
              106.45689327085483,
              29.63824886975908
            ],
            [
              106.45742351472057,
              29.638664672198615
            ],
            [
              106.45744068097946,
              29.638521620640745
            ],
            [
              106.45765239667367,
              29.63852924958951
            ],
            [
              106.45778591182074,
              29.63868565338157
            ],
            [
              106.45793277740341,
              29.63904804958247
            ],
            [
              106.45802623764666,
              29.639202545013177
            ],
            [
              106.45822460290532,
              29.63925595125187
            ],
            [
              106.45835239476702,
              29.63925595125187
            ],
            [
              106.4586289605727,
              29.63946957440811
            ],
            [
              106.45892650756139,
              29.639767121396744
            ],
            [
              106.45901043139384,
              29.639856766715923
            ],
            [
              106.45920879575317,
              29.640282105566314
            ],
            [
              106.45926983094063,
              29.640413713251405
            ],
            [
              106.45937473505671,
              29.640526247215575
            ],
            [
              106.4597657422886,
              29.640659762362702
            ],
            [
              106.46012623192678,
              29.64110798985803
            ],
            [
              106.46034939239308,
              29.641390277150492
            ],
            [
              106.46088345028357,
              29.641811801976132
            ],
            [
              106.46122677366282,
              29.642151310431302
            ],
            [
              106.4614995254438,
              29.642466023678878
            ],
            [
              106.46161673858052,
              29.642632491783786
            ],
            [
              106.46167690862018,
              29.642742588585236
            ],
            [
              106.46174366619374,
              29.642870382245633
            ],
            [
              106.46183075294175,
              29.643106519928835
            ],
            [
              106.4619076980353,
              29.64334340584793
            ],
            [
              106.46196475821938,
              29.6434865401435
            ],
            [
              106.46202776112347,
              29.643626545697657
            ],
            [
              106.46204976303693,
              29.643651547749414
            ],
            [
              106.46208176361267,
              29.643670553121865
            ],
            [
              106.46215376603232,
              29.643702553697608
            ],
            [
              106.46218876674641,
              29.643731555933755
            ],
            [
              106.46220476658459,
              29.643776558907405
            ],
            [
              106.46220276829104,
              29.64382756125832
            ],
            [
              106.46218476925998,
              29.643933565245277
            ],
            [
              106.46218976859114,
              29.643998568241557
            ],
            [
              106.46220976861372,
              29.64403056971662
            ],
            [
              106.46235077421403,
              29.644170578868113
            ],
            [
              106.46253330960633,
              29.64436765359966
            ],
            [
              106.46253903199238,
              29.644371467624353
            ],
            [
              106.46275278824822,
              29.64459261091139
            ],
            [
              106.46286179237347,
              29.644744620616052
            ],
            [
              106.46295879774414,
              29.644903628844702
            ],
            [
              106.46307309168151,
              29.64503904156129
            ],
            [
              106.46316655192476,
              29.64508863197665
            ],
            [
              106.46339161895378,
              29.645147760601446
            ],
            [
              106.463717814745,
              29.6452486672311
            ],
            [
              106.46382281958512,
              29.64531367292534
            ],
            [
              106.46394093743982,
              29.645433862817924
            ],
            [
              106.46398480456975,
              29.64554258185808
            ],
            [
              106.46400960067672,
              29.645691355802057
            ],
            [
              106.46398480456975,
              29.645903070596887
            ],
            [
              106.46398099144432,
              29.645971735632486
            ],
            [
              106.46397526815895,
              29.646051845440184
            ],
            [
              106.46396083404039,
              29.646157712730144
            ],
            [
              106.46391232640877,
              29.64633794765672
            ],
            [
              106.46383412496237,
              29.6466106994377
            ],
            [
              106.46380883962422,
              29.64676973644464
            ],
            [
              106.46379984100798,
              29.646877739624472
            ],
            [
              106.46380484303711,
              29.646998747000794
            ],
            [
              106.463831845181,
              29.64711775158696
            ],
            [
              106.46386684769374,
              29.647196757027245
            ],
            [
              106.46394093743982,
              29.647310696631735
            ],
            [
              106.46403058185967,
              29.647388898078077
            ],
            [
              106.4641679110315,
              29.647461377138427
            ],
            [
              106.46440251537064,
              29.647551023356925
            ],
            [
              106.46464093463385,
              29.647566282153832
            ],
            [
              106.46482404019628,
              29.647573911102597
            ],
            [
              106.46491368641483,
              29.647613966006418
            ],
            [
              106.46510788241653,
              29.64782682114162
            ],
            [
              106.46531888674701,
              29.648064834810555
            ],
            [
              106.46553089292217,
              29.64830085288395
            ],
            [
              106.46559270242591,
              29.648359739591115
            ],
            [
              106.46568189808414,
              29.648399862843462
            ],
            [
              106.46586354674486,
              29.648487532352135
            ],
            [
              106.46596272757557,
              29.648552381564343
            ],
            [
              106.46604238772227,
              29.64864266270422
            ],
            [
              106.46620759407836,
              29.650028172611712
            ],
            [
              106.46651277091513,
              29.651859235430834
            ],
            [
              106.47048007159145,
              29.65082163364633
            ],
            [
              106.47444737406641,
              29.64953988931319
            ],
            [
              106.47603429433696,
              29.64886849955292
            ],
            [
              106.47792639234353,
              29.648075040316996
            ],
            [
              106.47798742843037,
              29.648014004230163
            ],
            [
              106.47585118877447,
              29.64886849955292
            ],
            [
              106.47487462217742,
              29.64935678375076
            ],
            [
              106.47371494911863,
              29.649722995774994
            ],
            [
              106.47066317895252,
              29.65069956237204
            ],
            [
              106.46694001902614,
              29.651737164156543
            ],
            [
              106.46695527782305,
              29.6531104612709
            ],
            [
              106.46890841101708,
              29.655338253707953
            ],
            [
              106.4691830702601,
              29.65762708133252
            ],
            [
              106.46843538741479,
              29.659656509410297
            ],
            [
              106.46726045465977,
              29.661472311633872
            ],
            [
              106.46622285287526,
              29.662174218987957
            ],
            [
              106.46527680477129,
              29.663120267091927
            ],
            [
              106.46359833082022,
              29.665195471560253
            ],
            [
              106.46344574195217,
              29.664966588707898
            ],
            [
              106.46350677803895,
              29.664646153074273
            ],
            [
              106.46343048315526,
              29.664325717440647
            ],
            [
              106.46246917535512,
              29.664798741043
            ],
            [
              106.46040923058291,
              29.666431438603468
            ],
            [
              106.45882231031243,
              29.667804734818446
            ],
            [
              106.45625882344484,
              29.670093562443014
            ],
            [
              106.45476345595551,
              29.672077213230864
            ],
            [
              106.45473293836181,
              29.671955142855893
            ],
            [
              106.45403103100773,
              29.672718085397435
            ],
            [
              106.453451194928,
              29.67348102793892
            ],
            [
              106.45293239403577,
              29.674854324153955
            ],
            [
              106.45259669870592,
              29.676044514806506
            ],
            [
              106.45268825238651,
              29.677234704559737
            ],
            [
              106.45238307465041,
              29.678608001674093
            ],
            [
              106.45241359224417,
              29.680011816382148
            ],
            [
              106.4522915218692,
              29.682239607919882
            ],
            [
              106.45244411073725,
              29.684558954037527
            ],
            [
              106.45305446441074,
              29.686298463176115
            ],
            [
              106.45363429959116,
              29.687610724203637
            ],
            [
              106.4538479254453,
              29.688160042689617
            ],
            [
              106.45421413657022,
              29.688709361175654
            ],
            [
              106.45442776062572,
              29.68892298523116
            ],
            [
              106.45458034859445,
              29.689014538012373
            ],
            [
              106.45522122166034,
              29.689960587015662
            ],
            [
              106.45570950495886,
              29.690815083237737
            ],
            [
              106.45619778735801,
              29.69130336563694
            ],
            [
              106.45644192900727,
              29.691639060966736
            ],
            [
              106.45668607065653,
              29.691852685022297
            ],
            [
              106.45726590763564,
              29.692615627563782
            ],
            [
              106.45790677890284,
              29.693348053410887
            ],
            [
              106.45821195573961,
              29.6936837469421
            ],
            [
              106.45860868625687,
              29.693927888591304
            ],
            [
              106.4594530192407,
              29.694571426348375
            ],
            [
              106.46036282556622,
              29.69545643656693
            ],
            [
              106.46118298657257,
              29.696036272646666
            ],
            [
              106.46149769982009,
              29.696232730443285
            ],
            [
              106.46295110134622,
              29.697094852916166
            ],
            [
              106.46353856457608,
              29.697703297328985
            ],
            [
              106.46502057803258,
              29.69844525778825
            ],
            [
              106.46575109371969,
              29.698733266567444
            ],
            [
              106.46631376264122,
              29.69886678171457
            ],
            [
              106.46702520460741,
              29.699263511332504
            ],
            [
              106.46784345815172,
              29.699482856874795
            ],
            [
              106.46858923263568,
              29.699713646289865
            ],
            [
              106.46945517003263,
              29.700163781247227
            ],
            [
              106.47022955464831,
              29.700560509965896
            ],
            [
              106.47091620140685,
              29.70079892922911
            ],
            [
              106.47146551899351,
              29.7010487923651
            ],
            [
              106.47206061207152,
              29.70137304202342
            ],
            [
              106.47419112394533,
              29.701922359610137
            ],
            [
              106.47430937939629,
              29.701952877203837
            ],
            [
              106.47576659584644,
              29.70198148733556
            ],
            [
              106.47614806666758,
              29.701989116284324
            ],
            [
              106.47734588357093,
              29.7019986535945
            ],
            [
              106.47832054000799,
              29.70200437508123
            ],
            [
              106.47969764844908,
              29.701914729761995
            ],
            [
              106.48061889864738,
              29.701712549579327
            ],
            [
              106.48172706933224,
              29.70109266129367
            ],
            [
              106.48194450741249,
              29.7009705909187
            ],
            [
              106.48264259804381,
              29.700594841584348
            ],
            [
              106.48317093444757,
              29.700169502734013
            ],
            [
              106.48356957242692,
              29.6998433456136
            ],
            [
              106.48429054990459,
              29.69934362024094
            ],
            [
              106.48477692484175,
              29.69889157782154
            ],
            [
              106.48553795812256,
              29.698513921924473
            ],
            [
              106.48604531334337,
              29.69824117104281
            ],
            [
              106.48646493070703,
              29.697600300674935
            ],
            [
              106.48673005263987,
              29.697045261601488
            ],
            [
              106.48734803436281,
              29.696629459161898
            ],
            [
              106.48745484594093,
              29.696415835106393
            ],
            [
              106.4878687418178,
              29.696234637006
            ],
            [
              106.48837800539991,
              29.695851259622202
            ],
            [
              106.48866601417916,
              29.695458344928227
            ],
            [
              106.48884721317887,
              29.69483845574331
            ],
            [
              106.48906274379709,
              29.69446652223229
            ],
            [
              106.48946328743983,
              29.693591048424594
            ],
            [
              106.4899534764017,
              29.692757535184114
            ],
            [
              106.49046083342114,
              29.69239704644525
            ],
            [
              106.49072023206861,
              29.692017483086204
            ],
            [
              106.4909834474388,
              29.691365168845437
            ],
            [
              106.49172540609942,
              29.690424844026893
            ],
            [
              106.49254938202978,
              29.689692421777067
            ],
            [
              106.49288316899828,
              29.689303322007163
            ],
            [
              106.49391313823673,
              29.68859950898974
            ],
            [
              106.49470659657334,
              29.688149374032378
            ],
            [
              106.49584719321325,
              29.68775645933846
            ],
            [
              106.49705836055216,
              29.687518040974624
            ],
            [
              106.49780985742223,
              29.687285344097518
            ],
            [
              106.49874827477879,
              29.687006870829748
            ],
            [
              106.49933955383204,
              29.686793246774243
            ],
            [
              106.50096652540913,
              29.686444201908216
            ],
            [
              106.50257060744195,
              29.68616191371649
            ],
            [
              106.50358722534554,
              29.685929216839327
            ],
            [
              106.50393627111089,
              29.68584910793095
            ],
            [
              106.50393627111089,
              29.68584910793095
            ],
            [
              106.50423572466224,
              29.685763278435104
            ],
            [
              106.50463817576696,
              29.685801424078306
            ],
            [
              106.50571964468145,
              29.686507144557766
            ],
            [
              106.50634334789112,
              29.68650523709573
            ],
            [
              106.50720737872535,
              29.686615863597865
            ],
            [
              106.50771473394616,
              29.68677989543943
            ],
            [
              106.5082545142227,
              29.687085071376828
            ],
            [
              106.50902508481369,
              29.68775073785173
            ],
            [
              106.50946758992296,
              29.68821040921989
            ],
            [
              106.51031063957424,
              29.68886844584671
            ],
            [
              106.51100682274352,
              29.689400596275163
            ],
            [
              106.51170682083693,
              29.68992702521689
            ],
            [
              106.51192425891719,
              29.69025127487521
            ],
            [
              106.51255943208002,
              29.69064992724367
            ],
            [
              106.51288177517569,
              29.69106191565851
            ],
            [
              106.51273681615572,
              29.691191614982245
            ],
            [
              106.51230193999521,
              29.690773905080675
            ],
            [
              106.51176025225664,
              29.69060987323917
            ],
            [
              106.51199104167176,
              29.69159978757375
            ],
            [
              106.51208450191501,
              29.692000332115754
            ],
            [
              106.51252319299954,
              29.69287962084752
            ],
            [
              106.51261093085668,
              29.69327062807946
            ],
            [
              106.51279403641917,
              29.692940656035034
            ],
            [
              106.51291992171815,
              29.692524853595444
            ],
            [
              106.51302673329627,
              29.692435208276265
            ],
            [
              106.5131373597984,
              29.69255155716445
            ],
            [
              106.51322319109289,
              29.693018856582057
            ],
            [
              106.51333381759503,
              29.693737929295708
            ],
            [
              106.5131697848542,
              29.69433874475976
            ],
            [
              106.51317932216432,
              29.694380707125617
            ],
            [
              106.51322509855493,
              29.694697326935852
            ],
            [
              106.5134253703763,
              29.69518751679709
            ],
            [
              106.51379730388726,
              29.695963808874808
            ],
            [
              106.52017158421705,
              29.694385432163585
            ],
            [
              106.52137159726482,
              29.693785438679868
            ],
            [
              106.52367161875065,
              29.692185435072417
            ],
            [
              106.52477163438334,
              29.691785449009387
            ],
            [
              106.52577165619823,
              29.692085488918735
            ],
            [
              106.52637168025888,
              29.6928855419838
            ],
            [
              106.52627170172957,
              29.694485606745104
            ],
            [
              106.52497170475658,
              29.69658566397777
            ],
            [
              106.52287168799342,
              29.698285677590718
            ],
            [
              106.52337171913558,
              29.699684754670386
            ],
            [
              106.5251717634386,
              29.70028483089169
            ],
            [
              106.52757180302393,
              29.700085892764946
            ],
            [
              106.53227186229651,
              29.697685918830075
            ],
            [
              106.53387188389036,
              29.697185943445845
            ],
            [
              106.53587192302354,
              29.697286003813474
            ],
            [
              106.53923536043345,
              29.698320893242794
            ],
            [
              106.54016823886565,
              29.697715781717363
            ],
            [
              106.53923536043345,
              29.698320893242794
            ],
            [
              106.54367310635587,
              29.699686334779187
            ],
            [
              106.54067306789085,
              29.700986303873208
            ],
            [
              106.53986670967902,
              29.70147011304465
            ],
            [
              106.53917305270528,
              29.70188630219269
            ],
            [
              106.53837305629753,
              29.703286340647537
            ],
            [
              106.53897308485477,
              29.704486408553976
            ],
            [
              106.54207318009014,
              29.7070866111427
            ],
            [
              106.54367322956296,
              29.708586725253667
            ],
            [
              106.54687337527338,
              29.71458807742232
            ],
            [
              106.54869690716981,
              29.71833115103641
            ],
            [
              106.5487734673535,
              29.71848830126578
            ],
            [
              106.55497355170417,
              29.716188378705283
            ],
            [
              106.55847359613034,
              29.71448840286382
            ],
            [
              106.56007362761676,
              29.714588452439614
            ],
            [
              106.56117365583992,
              29.71508850606483
            ],
            [
              106.56337372038018,
              29.716688639174606
            ],
            [
              106.56507276632271,
              29.71758873012425
            ],
            [
              106.57027286393202,
              29.717588876713762
            ],
            [
              106.57247290059331,
              29.7171889230263
            ],
            [
              106.58567409003024,
              29.71268809955609
            ],
            [
              106.58867413838777,
              29.71208816003167
            ],
            [
              106.59306760978734,
              29.711522264342705
            ],
            [
              106.59306766644465,
              29.711522257148147
            ],
            [
              106.59269199984794,
              29.70897099926151
            ],
            [
              106.59286599887548,
              29.706732000372654
            ],
            [
              106.59344999971557,
              29.703983999604304
            ],
            [
              106.5942339989831,
              29.702262000265648
            ],
            [
              106.59568100093367,
              29.70112600006064
            ],
            [
              106.59667190362319,
              29.700540416413787
            ],
            [
              106.59641998643565,
              29.699673523936895
            ],
            [
              106.5954771399181,
              29.698364797244892
            ],
            [
              106.5944217153696,
              29.69816778456658
            ],
            [
              106.59401361832118,
              29.697675253770115
            ],
            [
              106.59570196143221,
              29.69559541059874
            ],
            [
              106.59318550191216,
              29.694148675746817
            ],
            [
              106.5931769988224,
              29.693910000176857
            ],
            [
              106.59322323476658,
              29.69108177178964
            ],
            [
              106.59322191815909,
              29.69103322188988
            ],
            [
              106.59138611501356,
              29.689465457178528
            ],
            [
              106.59184481871125,
              29.689142108640908
            ],
            [
              106.59311565516742,
              29.687984067851573
            ],
            [
              106.59259670588705,
              29.68782746890662
            ],
            [
              106.5897016920473,
              29.68695386299072
            ],
            [
              106.58968204995483,
              29.683455504793358
            ],
            [
              106.58968963483682,
              29.681218057234958
            ],
            [
              106.58972755744816,
              29.680785736947655
            ],
            [
              106.58985649504615,
              29.680239647927067
            ],
            [
              106.5906907978914,
              29.67820698318934
            ],
            [
              106.5928229995913,
              29.67810900115495
            ],
            [
              106.59279500009927,
              29.676625001096056
            ],
            [
              106.59109803968454,
              29.67241166659693
            ],
            [
              106.58880677399793,
              29.67232320118825
            ],
            [
              106.58827597884778,
              29.672048957432025
            ],
            [
              106.58791699917134,
              29.6707239997761
            ],
            [
              106.58707176596613,
              29.66909029677356
            ],
            [
              106.58658722564593,
              29.668153757201424
            ],
            [
              106.58648475059863,
              29.667978085434868
            ],
            [
              106.58453733619336,
              29.666337958575127
            ],
            [
              106.5852465190626,
              29.665069639321246
            ],
            [
              106.58519596457404,
              29.66480107118639
            ],
            [
              106.58486736399573,
              29.66463361112926
            ],
            [
              106.58411674216603,
              29.664509541561415
            ],
            [
              106.58346206720495,
              29.664104268384165
            ],
            [
              106.58333736721238,
              29.66349635636999
            ],
            [
              106.57950284603771,
              29.66069060833553
            ],
            [
              106.57850524609705,
              29.659989171326913
            ],
            [
              106.57869229608593,
              29.659272147268894
            ],
            [
              106.5786611210878,
              29.658913634340536
            ],
            [
              106.5779129220316,
              29.658882459342408
            ],
            [
              106.57736736001374,
              29.659085097280013
            ],
            [
              106.57738294706314,
              29.658851284344223
            ],
            [
              106.574857774012,
              29.6574951732739
            ],
            [
              106.57452004441575,
              29.65759342780285
            ],
            [
              106.57450540435246,
              29.656480881916366
            ],
            [
              106.57441539121055,
              29.65396051394282
            ],
            [
              106.57432537806864,
              29.65339793225553
            ],
            [
              106.57356026636234,
              29.652385283959347
            ],
            [
              106.572210070133,
              29.651057590565813
            ],
            [
              106.5716024809754,
              29.650359989165622
            ],
            [
              106.5715799781396,
              29.64959487656006
            ],
            [
              106.57209755325596,
              29.64873975261122
            ],
            [
              106.57299768467504,
              29.647524575195348
            ],
            [
              106.57282053712106,
              29.647427430429786
            ],
            [
              106.57285900022492,
              29.64742200032333
            ],
            [
              106.57442300127354,
              29.64544000069077
            ],
            [
              106.5721792944338,
              29.644009066027593
            ],
            [
              106.57448058576239,
              29.641229535028913
            ],
            [
              106.57461791943086,
              29.641319183945427
            ],
            [
              106.57622009759893,
              29.64225760310063
            ],
            [
              106.57744080674456,
              29.64299765699718
            ],
            [
              106.57841737334161,
              29.641693025817744
            ],
            [
              106.57940156888742,
              29.640289211109632
            ],
            [
              106.58098568687046,
              29.641101966199074
            ],
            [
              106.58184386941355,
              29.641545080149342
            ],
            [
              106.58331229231555,
              29.640056328072887
            ],
            [
              106.58532300100524,
              29.639224999285602
            ],
            [
              106.58532300100524,
              29.639227001176437
            ],
            [
              106.5855661444071,
              29.63948049217754
            ],
            [
              106.58587404798823,
              29.63848585100635
            ],
            [
              106.58517402471381,
              29.637585794230915
            ],
            [
              106.58377399884944,
              29.637685758371106
            ],
            [
              106.58257397680848,
              29.637785728806534
            ],
            [
              106.58127395285578,
              29.637884697397226
            ],
            [
              106.5803739320533,
              29.63738464826855
            ],
            [
              106.57957390596789,
              29.636785599972313
            ],
            [
              106.57917388303264,
              29.635684542025388
            ],
            [
              106.57932145997898,
              29.63468539794883
            ],
            [
              106.5792738552667,
              29.633584450618514
            ],
            [
              106.57907383615486,
              29.632484395415645
            ],
            [
              106.57827381096877,
              29.631784344262314
            ],
            [
              106.57846314973222,
              29.631042346930826
            ],
            [
              106.57863481142181,
              29.63026033066842
            ],
            [
              106.57831677517942,
              29.62916923091433
            ],
            [
              106.57831077400351,
              29.629143227017835
            ],
            [
              106.5782737722979,
              29.628984219688505
            ],
            [
              106.57767374733794,
              29.62808416291307
            ],
            [
              106.57697372136556,
              29.62718410523837
            ],
            [
              106.57727371181215,
              29.62618407083295
            ],
            [
              106.57647368662612,
              29.625484014283643
            ],
            [
              106.57639468118583,
              29.62507099434646
            ],
            [
              106.57636567805037,
              29.62491598720146
            ],
            [
              106.5763206741774,
              29.62468097636878
            ],
            [
              106.57619339492925,
              29.623271777419745
            ],
            [
              106.57625443101603,
              29.622478316385127
            ],
            [
              106.5757661477175,
              29.62177640993042
            ],
            [
              106.57539993479395,
              29.621532268281157
            ],
            [
              106.57469802743992,
              29.621318644225653
            ],
            [
              106.57399612098521,
              29.621593302569295
            ],
            [
              106.57253127108964,
              29.622234174735866
            ],
            [
              106.5713410804371,
              29.6222952108227
            ],
            [
              106.56976747283056,
              29.62305488342929
            ],
            [
              106.56930946340952,
              29.6210611953083
            ],
            [
              106.56945984084467,
              29.620158929798038
            ],
            [
              106.56909893482043,
              29.618745380828273
            ],
            [
              106.56771546097798,
              29.61712130237015
            ],
            [
              106.56693349687623,
              29.615737829427076
            ],
            [
              106.56722119089272,
              29.61465815555937
            ],
            [
              106.56513835657626,
              29.613841806779135
            ],
            [
              106.56418468042284,
              29.614436901655722
            ],
            [
              106.56321574187524,
              29.614436901655722
            ],
            [
              106.5627045708311,
              29.614169872260845
            ],
            [
              106.56230186701686,
              29.613812996098602
            ],
            [
              106.56230784121311,
              29.61266878238547
            ],
            [
              106.5584511661396,
              29.61347177983083
            ],
            [
              106.5574440819488,
              29.614047800986555
            ],
            [
              106.55608604363135,
              29.615299026826563
            ],
            [
              106.55548331890662,
              29.616031451774347
            ],
            [
              106.55472419128915,
              29.61517695645159
            ],
            [
              106.55486059326,
              29.61195203262065
            ],
            [
              106.55489111085376,
              29.611921515026893
            ],
            [
              106.55449831397101,
              29.61870669469255
            ],
            [
              106.55493503643964,
              29.61685062442575
            ],
            [
              106.55498740665934,
              29.616878318148338
            ],
            [
              106.55429342503038,
              29.619577470441982
            ],
            [
              106.5541710578791,
              29.620647253566005
            ],
            [
              106.55365181541976,
              29.621609238555664
            ],
            [
              106.55429342503038,
              29.619577470441982
            ],
            [
              106.55442412709817,
              29.619021988902148
            ],
            [
              106.55442413429273,
              29.619021958325163
            ],
            [
              106.5545007340466,
              29.61869640824716
            ],
            [
              106.55472419128915,
              29.61517695645159
            ],
            [
              106.55486059326,
              29.61195203262065
            ],
            [
              106.55487585205685,
              29.610792359561856
            ],
            [
              106.55487585205685,
              29.61060925399937
            ],
            [
              106.55489111085376,
              29.611921515026893
            ],
            [
              106.55449831397101,
              29.61870669469255
            ],
            [
              106.55493503643964,
              29.61685062442575
            ],
            [
              106.55766533495313,
              29.61408976335241
            ],
            [
              106.55853508907273,
              29.613693032835158
            ],
            [
              106.56215143742105,
              29.61276224442736
            ],
            [
              106.56275034722171,
              29.611598756444494
            ],
            [
              106.56205606971577,
              29.610477229928165
            ],
            [
              106.56094217304752,
              29.60945488694051
            ],
            [
              106.5584244625706,
              29.608081590725533
            ],
            [
              106.55744789597355,
              29.60783744907627
            ],
            [
              106.55428709110532,
              29.60714891284215
            ],
            [
              106.5541518456626,
              29.606398914242618
            ],
            [
              106.55395512526394,
              29.605193998990444
            ],
            [
              106.55354938803652,
              29.602993184415595
            ],
            [
              106.55328198902026,
              29.60135232280976
            ],
            [
              106.55065839596489,
              29.60139820711902
            ],
            [
              106.54085282617672,
              29.601528588128872
            ],
            [
              106.53938552203135,
              29.601555910431443
            ],
            [
              106.5372743087089,
              29.601936797592543
            ],
            [
              106.53414013636325,
              29.602491807887645
            ],
            [
              106.53181671361887,
              29.602959758414443
            ],
            [
              106.53021697980802,
              29.60310123076283
            ],
            [
              106.52872310879059,
              29.60297368981196
            ],
            [
              106.52823482459274,
              29.604827640376755
            ],
            [
              106.52755791839115,
              29.60749433074244
            ],
            [
              106.52747598475833,
              29.607477535903513
            ],
            [
              106.52746341673299,
              29.607520381403674
            ],
            [
              106.5257176573063,
              29.60711751301352
            ],
            [
              106.52211423041695,
              29.60720703962221
            ],
            [
              106.52207336432457,
              29.606328035975537
            ],
            [
              106.52087645933375,
              29.606422814624864
            ],
            [
              106.51976162107542,
              29.606438448439008
            ],
            [
              106.51974598816054,
              29.606715936049795
            ],
            [
              106.51906594692235,
              29.60679410242261
            ],
            [
              106.51877673395092,
              29.60683318426004
            ],
            [
              106.51839763104476,
              29.60698169919931
            ],
            [
              106.51795208712633,
              29.60712239723142
            ],
            [
              106.51749090939381,
              29.607200562704918
            ],
            [
              106.51607954038064,
              29.607234588553922
            ],
            [
              106.51606645704379,
              29.60705314763652
            ],
            [
              106.51402177106849,
              29.6071027389512
            ],
            [
              106.51411794096902,
              29.60848245902349
            ],
            [
              106.5140787539109,
              29.60843020931287
            ],
            [
              106.51390732964228,
              29.608411185954026
            ],
            [
              106.51380814701298,
              29.60848747993839
            ],
            [
              106.51372040825646,
              29.60858666256769
            ],
            [
              106.51367463186585,
              29.608685845196987
            ],
            [
              106.51386918220044,
              29.60880791557196
            ],
            [
              106.51395310603289,
              29.609029168576285
            ],
            [
              106.51405228866224,
              29.60946786056013
            ],
            [
              106.51418580380931,
              29.609666225818785
            ],
            [
              106.51418580380931,
              29.609826445434237
            ],
            [
              106.51406373343434,
              29.609856962128674
            ],
            [
              106.51353730269398,
              29.60960519063127
            ],
            [
              106.51339234367407,
              29.60950219397722
            ],
            [
              106.51339615769876,
              29.609395380600517
            ],
            [
              106.51343812006468,
              29.60922753473426
            ],
            [
              106.5134343051406,
              29.608994836957834
            ],
            [
              106.51332749356254,
              29.608872765683486
            ],
            [
              106.51319779333949,
              29.60876213918135
            ],
            [
              106.51316346082166,
              29.60864006880638
            ],
            [
              106.51320542228825,
              29.608342520918427
            ],
            [
              106.51315583097357,
              29.60810600911725
            ],
            [
              106.5129345779693,
              29.607999196639867
            ],
            [
              106.51269043632004,
              29.60791908773143
            ],
            [
              106.51244247974671,
              29.607930531604268
            ],
            [
              106.51224411358874,
              29.608048787954488
            ],
            [
              106.5121754485532,
              29.608231894416292
            ],
            [
              106.51210678531623,
              29.608357779715277
            ],
            [
              106.51194275257535,
              29.60840355610594
            ],
            [
              106.51182449622513,
              29.608338705994356
            ],
            [
              106.5116528354348,
              29.608270040958814
            ],
            [
              106.51142013675906,
              29.608285300654984
            ],
            [
              106.51113403364326,
              29.60833107704559
            ],
            [
              106.5109089648156,
              29.60846840621747
            ],
            [
              106.51085174455216,
              29.608670586400137
            ],
            [
              106.5108212269584,
              29.608853692861942
            ],
            [
              106.51073348820188,
              29.60892998684625
            ],
            [
              106.51055419666415,
              29.60889946925255
            ],
            [
              106.51042831136516,
              29.60876213918135
            ],
            [
              106.51028716726927,
              29.60869347414581
            ],
            [
              106.51007354321376,
              29.60871254786673
            ],
            [
              106.50989806660004,
              29.60881172959671
            ],
            [
              106.50984084543728,
              29.608964319364077
            ],
            [
              106.50988662182795,
              29.609132166129655
            ],
            [
              106.50992095434572,
              29.60934579018516
            ],
            [
              106.50990569644819,
              29.60947167458488
            ],
            [
              106.50980651291951,
              29.609490749205122
            ],
            [
              106.50968825656929,
              29.6094831202563
            ],
            [
              106.50909316169265,
              29.6087468803845
            ],
            [
              106.50908553274388,
              29.608510368583325
            ],
            [
              106.50921141804292,
              29.608357779715277
            ],
            [
              106.50920760311885,
              29.60819374697445
            ],
            [
              106.50930678574815,
              29.607888570137675
            ],
            [
              106.50973403385922,
              29.60722862514956
            ],
            [
              106.50974929265607,
              29.60712181267212
            ],
            [
              106.50965392495078,
              29.60695396590654
            ],
            [
              106.50961577840832,
              29.606923447413465
            ],
            [
              106.50907408797173,
              29.60679756211448
            ],
            [
              106.5086086933182,
              29.606515273922696
            ],
            [
              106.50850569576482,
              29.606232984831593
            ],
            [
              106.50826536903958,
              29.606255872577208
            ],
            [
              106.50789152716726,
              29.60643516411494
            ],
            [
              106.5078152331829,
              29.60658775298299
            ],
            [
              106.50786100957356,
              29.606782303317573
            ],
            [
              106.50796019220286,
              29.606885300870943
            ],
            [
              106.50849806681606,
              29.607583393300956
            ],
            [
              106.50863539598788,
              29.60796486412204
            ],
            [
              106.50863539598788,
              29.608128896862922
            ],
            [
              106.50855147305475,
              29.608201376822535
            ],
            [
              106.50847136414637,
              29.60817467325353
            ],
            [
              106.50790297193942,
              29.60747276679882
            ],
            [
              106.50782286303104,
              29.607163775038032
            ],
            [
              106.50764357059398,
              29.60715996011396
            ],
            [
              106.50751387127025,
              29.607316363006703
            ],
            [
              106.50738417104714,
              29.607426990408214
            ],
            [
              106.50732694988437,
              29.607594837173792
            ],
            [
              106.50732313496036,
              29.608048787954488
            ],
            [
              106.50720106458539,
              29.608205190847286
            ],
            [
              106.50701032917482,
              29.60829292960375
            ],
            [
              106.50688444297651,
              29.608285300654984
            ],
            [
              106.50684629643399,
              29.608224264568207
            ],
            [
              106.50689970177336,
              29.607446063229816
            ],
            [
              106.50692640534237,
              29.60726295676801
            ],
            [
              106.50701032917482,
              29.607083666129597
            ],
            [
              106.50709425210795,
              29.606957779931292
            ],
            [
              106.50710951090485,
              29.60683189463225
            ],
            [
              106.50702940199642,
              29.606679305764203
            ],
            [
              106.50709043808325,
              29.60641609129334
            ],
            [
              106.5073460236053,
              29.60617194964408
            ],
            [
              106.50736509732621,
              29.606034619572938
            ],
            [
              106.50728117259445,
              29.60586295788329
            ],
            [
              106.50729643229067,
              29.60567985142154
            ],
            [
              106.50746809398026,
              29.605393748305687
            ],
            [
              106.50768934788391,
              29.605077126696813
            ],
            [
              106.50790030005368,
              29.604916459218998
            ],
            [
              106.50762599244558,
              29.604916459218998
            ],
            [
              106.50699900401253,
              29.6049033965665
            ],
            [
              106.50690756814316,
              29.60472052482777
            ],
            [
              106.50703819107065,
              29.604537653089096
            ],
            [
              106.50711656428751,
              29.60436784400281
            ],
            [
              106.50727331162062,
              29.603936789061606
            ],
            [
              106.50736474659067,
              29.60363635614857
            ],
            [
              106.50741721663513,
              29.6034189846182
            ],
            [
              106.5044720808807,
              29.603499467644554
            ],
            [
              106.50446822458781,
              29.603499628623183
            ],
            [
              106.50083407955589,
              29.603651466557324
            ],
            [
              106.50085966077103,
              29.603657109803066
            ],
            [
              106.50082388214344,
              29.60365859098647
            ],
            [
              106.50080890393502,
              29.60365866383154
            ],
            [
              106.50080890393502,
              29.60365866383154
            ],
            [
              106.50083407955589,
              29.603651466557324
            ],
            [
              106.50066999375503,
              29.603659341021
            ],
            [
              106.50006499104762,
              29.603662288998635
            ],
            [
              106.49610572221633,
              29.603681583952778
            ],
            [
              106.49505508026238,
              29.603671468378593
            ],
            [
              106.48957908144632,
              29.603629468241195
            ],
            [
              106.48957969118669,
              29.603643935634636
            ],
            [
              106.48957946905415,
              29.603643934735317
            ],
            [
              106.4895817569294,
              29.603693033221532
            ],
            [
              106.48967408042955,
              29.605885469712348
            ],
            [
              106.48984747601207,
              29.6068994966692
            ],
            [
              106.4898492683609,
              29.60691057092066
            ],
            [
              106.48985061374663,
              29.606917851831838
            ],
            [
              106.48996146957592,
              29.60763259161189
            ],
            [
              106.48995732909731,
              29.60763267704749
            ],
            [
              106.48996405063014,
              29.60767770340351
            ],
            [
              106.48735621999191,
              29.60769935727933
            ],
            [
              106.48733367578728,
              29.608217873086517
            ],
            [
              106.48606755627515,
              29.60943621431727
            ],
            [
              106.48605935985415,
              29.60959221701171
            ],
            [
              106.48507071985887,
              29.60947870728313
            ],
            [
              106.48422070136121,
              29.609247670554453
            ],
            [
              106.48379970533688,
              29.610203701133003
            ],
            [
              106.48327570186672,
              29.610489700826747
            ],
            [
              106.48253371532712,
              29.612505765878495
            ],
            [
              106.48180170406744,
              29.612711755589316
            ],
            [
              106.4812886921111,
              29.612527731819057
            ],
            [
              106.4811706911683,
              29.612678736081705
            ],
            [
              106.48077069611207,
              29.61367876868843
            ],
            [
              106.48017069723238,
              29.61447878667991
            ],
            [
              106.47927068722174,
              29.61497878274855
            ],
            [
              106.47837067811042,
              29.615578783426827
            ],
            [
              106.47737066528873,
              29.615978773986512
            ],
            [
              106.47671164390431,
              29.61540272764978
            ],
            [
              106.47657063920337,
              29.615278717437207
            ],
            [
              106.47677063133557,
              29.614278681233145
            ],
            [
              106.47705862122899,
              29.61319764219462
            ],
            [
              106.4771706173986,
              29.61277862737677
            ],
            [
              106.47690661332297,
              29.612737615594256
            ],
            [
              106.47587058804999,
              29.61257858128522
            ],
            [
              106.47477056522274,
              29.61227853687933
            ],
            [
              106.4736705468921,
              29.612578519232045
            ],
            [
              106.47287054059177,
              29.613278525419275
            ],
            [
              106.4718705196762,
              29.61307848832098
            ],
            [
              106.47087050235791,
              29.61307846044201
            ],
            [
              106.46987048144234,
              29.613078430764403
            ],
            [
              106.46887046772139,
              29.613478418626073
            ],
            [
              106.46883046677681,
              29.613465418926125
            ],
            [
              106.46805644728585,
              29.61320738544947
            ],
            [
              106.4673704318514,
              29.612978356007602
            ],
            [
              106.46637041183516,
              29.612878322619622
            ],
            [
              106.46527039710179,
              29.61327830958203
            ],
            [
              106.46497339240437,
              29.613305301833407
            ],
            [
              106.46497239055958,
              29.61330430358595
            ],
            [
              106.4649553906753,
              29.613291300288722
            ],
            [
              106.46493839079096,
              29.613282301672484
            ],
            [
              106.4649163888775,
              29.61327629779862
            ],
            [
              106.46489338871663,
              29.613275296853203
            ],
            [
              106.46487538968552,
              29.613279298836233
            ],
            [
              106.46486638837132,
              29.613291297590763
            ],
            [
              106.46486138814083,
              29.613307297429003
            ],
            [
              106.46485938894796,
              29.613315297797726
            ],
            [
              106.4641703769725,
              29.613378282715416
            ],
            [
              106.46327036696186,
              29.613978281595053
            ],
            [
              106.46217035042986,
              29.6140782574264
            ],
            [
              106.46168837317742,
              29.61398920206244
            ],
            [
              106.46146902763513,
              29.614324895593597
            ],
            [
              106.46104750280949,
              29.61469110761783
            ],
            [
              106.4608510459122,
              29.614736884008437
            ],
            [
              106.46070799435427,
              29.6153930122739
            ],
            [
              106.46056303533436,
              29.615351050807362
            ],
            [
              106.46038374469595,
              29.61496576596153
            ],
            [
              106.46030935817362,
              29.61464723778994
            ],
            [
              106.46008619770731,
              29.614305821872676
            ],
            [
              106.45990118468285,
              29.614237157736397
            ],
            [
              106.45976957699776,
              29.61442598568493
            ],
            [
              106.4598439644194,
              29.61470636641468
            ],
            [
              106.46043524257334,
              29.61564669033396
            ],
            [
              106.4606011827762,
              29.615907997342788
            ],
            [
              106.46085485993694,
              29.616363854686256
            ],
            [
              106.46088347096799,
              29.61715159063675
            ],
            [
              106.46112761171793,
              29.617695185837363
            ],
            [
              106.46117529557057,
              29.61802515788179
            ],
            [
              106.46095238421645,
              29.61830740740271
            ],
            [
              106.46077284356653,
              29.618423794062494
            ],
            [
              106.4603684858991,
              29.61939272901276
            ],
            [
              106.46035439082493,
              29.619587443923308
            ],
            [
              106.46033224591929,
              29.61991534303047
            ],
            [
              106.46016056264591,
              29.62018815776395
            ],
            [
              106.46016819159468,
              29.62066690285303
            ],
            [
              106.4600785462755,
              29.62107889126787
            ],
            [
              106.45984775686037,
              29.62108842767867
            ],
            [
              106.45979244315964,
              29.621107501399592
            ],
            [
              106.45979244315964,
              29.621317309631763
            ],
            [
              106.45941669562393,
              29.621586245589356
            ],
            [
              106.45874139291351,
              29.621911501589068
            ],
            [
              106.45848439275784,
              29.622059500317448
            ],
            [
              106.45810443729437,
              29.622269078323143
            ],
            [
              106.45610171818157,
              29.622404500032985
            ],
            [
              106.45562488055452,
              29.62240259257095
            ],
            [
              106.45538646129131,
              29.622385427211384
            ],
            [
              106.45518046798321,
              29.622362538566392
            ],
            [
              106.45507365640515,
              29.622349187231578
            ],
            [
              106.45429354940336,
              29.622459813733713
            ],
            [
              106.454018894657,
              29.622623833884063
            ],
            [
              106.45381671537359,
              29.62254181841297
            ],
            [
              106.45335132161938,
              29.62266961027467
            ],
            [
              106.45304233075791,
              29.62281647675661
            ],
            [
              106.45252353166427,
              29.62280694034581
            ],
            [
              106.45227176106624,
              29.62274399769632
            ],
            [
              106.45186930996152,
              29.62277260782804
            ],
            [
              106.45094424393983,
              29.623247537993052
            ],
            [
              106.4500191788174,
              29.62371865413337
            ],
            [
              106.4500287152282,
              29.623735820392255
            ],
            [
              106.44987803472151,
              29.623932277289555
            ],
            [
              106.44978075955424,
              29.624039088867676
            ],
            [
              106.44972926167685,
              29.624077236309518
            ],
            [
              106.44964724530644,
              29.62411156882729
            ],
            [
              106.44937640098749,
              29.62414017895901
            ],
            [
              106.44925623807455,
              29.62415925178061
            ],
            [
              106.44907885489818,
              29.624235546664295
            ],
            [
              106.44888430456353,
              29.624344265704394
            ],
            [
              106.44867640289414,
              29.62453881513966
            ],
            [
              106.44842844722012,
              29.624843991077114
            ],
            [
              106.44814424617039,
              29.625053804705203
            ],
            [
              106.44805078592714,
              29.625135820176297
            ],
            [
              106.44796686299401,
              29.625263612937317
            ],
            [
              106.44791917914137,
              29.625368517053403
            ],
            [
              106.44789247557236,
              29.625448625961837
            ],
            [
              106.44787149528872,
              29.625563067387986
            ],
            [
              106.44785424359424,
              29.62609837533614
            ],
            [
              106.44784097769502,
              29.62636987705946
            ],
            [
              106.44783525530892,
              29.626886768691065
            ]
          ]
        ]
      }
    }
  ]
}