{
  "type": "FeatureCollection",
  "features": [
    {
      "type": "Feature",
      "properties": {
        "MJ": null,
        "BZ": null,
        "MC": "MC",
        "DM": "500000000000",
        "FLDM": null,
        "ZZJGDM": null,
        "SZDDZ": null,
        "LX": "11",
        "GXSJ": null,
        "SHAPE_AREA": 7.70988,
        "SHAPE_LEN": 31.287539
      },
      "geometry": {
        "type": "Polygon",
        "coordinates": [
          [
            [
              106.47796975135657,
              29.55020890782788
            ],
            [
              106.47842976626572,
              29.55048793238001
            ],
            [
              106.47872777370725,
              29.550679948425113
            ],
            [
              106.47887477508749,
              29.55074995614848
            ],
            [
              106.47903077958063,
              29.550815963687455
            ],
            [
              106.4790677821855,
              29.550879968436334
            ],
            [
              106.47903878264736,
              29.550927967051678
            ],
            [
              106.47890678015989,
              29.55095696569049
            ],
            [
              106.47883777697922,
              29.55098896716561
            ],
            [
              106.47875877693485,
              29.551031964651145
            ],
            [
              106.47862277516236,
              29.55103196105381
            ],
            [
              106.47854277417258,
              29.551037958632435
            ],
            [
              106.47845677380559,
              29.551065955426566
            ],
            [
              106.47837377087887,
              29.55111695687816
            ],
            [
              106.47832277122592,
              29.551171960312786
            ],
            [
              106.47828377212613,
              29.551233959573494
            ],
            [
              106.47826877413263,
              29.551310963122944
            ],
            [
              106.47827177517024,
              29.551412967824774
            ],
            [
              106.47826977507805,
              29.551485969391194
            ],
            [
              106.47823477706197,
              29.55157797183341
            ],
            [
              106.47822577574777,
              29.5516629784496
            ],
            [
              106.47824777766124,
              29.551747980569132
            ],
            [
              106.47829677902064,
              29.551790984349964
            ],
            [
              106.47835978012608,
              29.551809986125136
            ],
            [
              106.4784767864187,
              29.551831989837183
            ],
            [
              106.47857278814598,
              29.551877995554946
            ],
            [
              106.4785547882156,
              29.55199800018721
            ],
            [
              106.47854079116752,
              29.552068005212618
            ],
            [
              106.47857879112053,
              29.552194012819427
            ],
            [
              106.4784987901308,
              29.552248011711356
            ],
            [
              106.47846778870178,
              29.552293012886366
            ],
            [
              106.47846478856349,
              29.55232001503032
            ],
            [
              106.47848679317491,
              29.552348012723712
            ],
            [
              106.47852379308182,
              29.55234801542167
            ],
            [
              106.47858179215814,
              29.552331014638014
            ],
            [
              106.47872379510659,
              29.55229901765955
            ],
            [
              106.47883879681041,
              29.552290022640648
            ],
            [
              106.4789537976149,
              29.5523100262605
            ],
            [
              106.47906380088688,
              29.552319030272656
            ],
            [
              106.47921580519557,
              29.552352035391152
            ],
            [
              106.479340809159,
              29.552434044567008
            ],
            [
              106.47958481501064,
              29.55246005116146
            ],
            [
              106.47989082012299,
              29.5524830612149
            ],
            [
              106.48000782461696,
              29.55254006743968
            ],
            [
              106.48024683023812,
              29.552626077699244
            ],
            [
              106.4803648311809,
              29.552645080373736
            ],
            [
              106.48079084092552,
              29.552677094439332
            ],
            [
              106.48124184912456,
              29.55270010898937
            ],
            [
              106.48163785838557,
              29.552732122155646
            ],
            [
              106.48187286202369,
              29.552775130433076
            ],
            [
              106.48206286538613,
              29.55283013656566
            ],
            [
              106.4821558705724,
              29.552894142213802
            ],
            [
              106.48218987034107,
              29.552966147331404
            ],
            [
              106.48227987628837,
              29.553132156782056
            ],
            [
              106.48232187822447,
              29.553196160631558
            ],
            [
              106.48238987866108,
              29.553232164989026
            ],
            [
              106.48248988327072,
              29.553249165772684
            ],
            [
              106.48265588282885,
              29.553275175065096
            ],
            [
              106.48283688937369,
              29.55328518002267
            ],
            [
              106.48314689197247,
              29.553281188831477
            ],
            [
              106.4833378980789,
              29.55330719542593
            ],
            [
              106.48359890111692,
              29.553353203841652
            ],
            [
              106.48380890630057,
              29.553381211427563
            ],
            [
              106.48399091199218,
              29.55341821762977
            ],
            [
              106.48418391729155,
              29.553431225423594
            ],
            [
              106.48429391786556,
              29.55342822798326
            ],
            [
              106.48441491984596,
              29.553439232986932
            ],
            [
              106.48453292168807,
              29.55352423780448
            ],
            [
              106.48463792562887,
              29.553586243360428
            ],
            [
              106.48470392687261,
              29.553603246842044
            ],
            [
              106.48487393111174,
              29.553637252006638
            ],
            [
              106.48511793606406,
              29.55368826155211
            ],
            [
              106.48550394576347,
              29.55374727596302
            ],
            [
              106.4857139500478,
              29.55379928465527
            ],
            [
              106.48591695490876,
              29.553839292794407
            ],
            [
              106.486183960022,
              29.553895300771728
            ],
            [
              106.48644596670334,
              29.553954311585358
            ],
            [
              106.48656496769223,
              29.553948314006732
            ],
            [
              106.48684797444236,
              29.55393232226237
            ],
            [
              106.48700497538425,
              29.553956327865308
            ],
            [
              106.48725663356703,
              29.553973625425215
            ],
            [
              106.48726698206559,
              29.55397433588962
            ],
            [
              106.48749198704144,
              29.554016345020273
            ],
            [
              106.48763098985154,
              29.55405835055359
            ],
            [
              106.48774899439161,
              29.554149358345683
            ],
            [
              106.48788499886211,
              29.554260367059726
            ],
            [
              106.48799999966661,
              29.554358373375806
            ],
            [
              106.48809800418405,
              29.554443381790634
            ],
            [
              106.48821800701768,
              29.554511386723846
            ],
            [
              106.48836201005832,
              29.554547392879954
            ],
            [
              106.48848301473669,
              29.554608399289123
            ],
            [
              106.48849801632747,
              29.55461339862029
            ],
            [
              106.48862701597864,
              29.554659405237317
            ],
            [
              106.48874901890446,
              29.554683409041616
            ],
            [
              106.48890302510404,
              29.55472541637357
            ],
            [
              106.48913502860387,
              29.554828427416794
            ],
            [
              106.4898380466206,
              29.555099458794757
            ],
            [
              106.49002505344203,
              29.555274472257565
            ],
            [
              106.49003690290908,
              29.555280397890442
            ],
            [
              106.49009305387864,
              29.55530847562352
            ],
            [
              106.49024205804903,
              29.555350482955475
            ],
            [
              106.49042806302572,
              29.555382489826513
            ],
            [
              106.49068706687086,
              29.555429499187596
            ],
            [
              106.4907850713883,
              29.555478503245013
            ],
            [
              106.49063906915484,
              29.555573502228242
            ],
            [
              106.49060506938616,
              29.55563950616994
            ],
            [
              106.49053006772755,
              29.55572150365458
            ],
            [
              106.49044806664563,
              29.55583450796422
            ],
            [
              106.49043606968974,
              29.555866510338603
            ],
            [
              106.49043407139618,
              29.555902511998113
            ],
            [
              106.49043407139618,
              29.55599051515526
            ],
            [
              106.49038907022117,
              29.55608051570664
            ],
            [
              106.49034507268954,
              29.556150519832727
            ],
            [
              106.49032707185978,
              29.556266524280602
            ],
            [
              106.49030929406194,
              29.55637702307905
            ],
            [
              106.49052863960418,
              29.556478112271066
            ],
            [
              106.4909673306887,
              29.556598275184
            ],
            [
              106.4917760469229,
              29.55687674755245
            ],
            [
              106.4927373529244,
              29.557153315156768
            ],
            [
              106.49400192740137,
              29.557736964361936
            ],
            [
              106.49460846435215,
              29.557939143645285
            ],
            [
              106.4956460634387,
              29.55841788873437
            ],
            [
              106.49627739559719,
              29.558772655986445
            ],
            [
              106.49677712276849,
              29.558845135946115
            ],
            [
              106.49743134357192,
              29.55857810655118
            ],
            [
              106.49805123365621,
              29.558600994296853
            ],
            [
              106.49854523844152,
              29.558581920575932
            ],
            [
              106.49929101202616,
              29.558518978825703
            ],
            [
              106.49995095611501,
              29.55838737114061
            ],
            [
              106.50103242413013,
              29.558097454000062
            ],
            [
              106.50239236631234,
              29.557695002895343
            ],
            [
              106.5038476753005,
              29.557241053013968
            ],
            [
              106.50451524833812,
              29.557033151344513
            ],
            [
              106.50567682526167,
              29.556689827965272
            ],
            [
              106.50656946532825,
              29.55641707708361
            ],
            [
              106.50803431162655,
              29.555982200923097
            ],
            [
              106.50932558877315,
              29.555600731001334
            ],
            [
              106.51026591269243,
              29.555301276550665
            ],
            [
              106.51061877158315,
              29.555188742586495
            ],
            [
              106.51125392136362,
              29.55497511943031
            ],
            [
              106.51142558305327,
              29.554917899166867
            ],
            [
              106.51186045831446,
              29.554763403736104
            ],
            [
              106.51236018458644,
              29.554586019660405
            ],
            [
              106.5125490134343,
              29.554521170448197
            ],
            [
              106.51384410460565,
              29.554107274571322
            ],
            [
              106.51442966127286,
              29.55395659316531
            ],
            [
              106.51505336538185,
              29.553792561323803
            ],
            [
              106.51548442661829,
              29.553790653861768
            ],
            [
              106.51588115533696,
              29.55376967357813
            ],
            [
              106.51635036401524,
              29.55370100944191
            ],
            [
              106.51644954664454,
              29.554004277017953
            ],
            [
              106.51708087970235,
              29.553783024913002
            ],
            [
              106.51776180407478,
              29.55360373337527
            ],
            [
              106.51855335494935,
              29.553392017681062
            ],
            [
              106.51989995209198,
              29.553189830303836
            ],
            [
              106.52009640898928,
              29.55315931271008
            ],
            [
              106.52122556175641,
              29.553073481415595
            ],
            [
              106.52233945482732,
              29.55299146504518
            ],
            [
              106.52385007661684,
              29.55314405391323
            ],
            [
              106.52459394543746,
              29.553395823611936
            ],
            [
              106.52514326122548,
              29.553559856352763
            ],
            [
              106.52575361399965,
              29.553649501671998
            ],
            [
              106.52719557165295,
              29.553948956122667
            ],
            [
              106.52820837643117,
              29.554244595649266
            ],
            [
              106.52890455870119,
              29.554444866571316
            ],
            [
              106.53022444597951,
              29.55503614742321
            ],
            [
              106.53048956791241,
              29.55515058705072
            ],
            [
              106.5312887477358,
              29.55547674417113
            ],
            [
              106.53161871978017,
              29.555612166780236
            ],
            [
              106.53282225817031,
              29.556146224670726
            ],
            [
              106.53352034880163,
              29.556577285907167
            ],
            [
              106.534161211975,
              29.55713909237886
            ],
            [
              106.53420210594629,
              29.557130850092506
            ],
            [
              106.534161211975,
              29.55713909237886
            ],
            [
              106.53420210594629,
              29.557130850092506
            ],
            [
              106.53458735122194,
              29.557232113753003
            ],
            [
              106.53476566429731,
              29.557287149563194
            ],
            [
              106.53487133193778,
              29.55739942092532
            ],
            [
              106.53476566429731,
              29.557287149563194
            ],
            [
              106.53487133193778,
              29.55739942092532
            ],
            [
              106.53503643667051,
              29.557601949145692
            ],
            [
              106.5352697846568,
              29.557866117797175
            ],
            [
              106.53553395330829,
              29.558174313658014
            ],
            [
              106.53573207934727,
              29.558213938685924
            ],
            [
              106.53600945544213,
              29.558262369875195
            ],
            [
              106.53605348355075,
              29.558266772955847
            ],
            [
              106.53600945544213,
              29.558262369875195
            ],
            [
              106.53573207934727,
              29.558213938685924
            ],
            [
              106.53553395330829,
              29.558174313658014
            ],
            [
              106.5352697846568,
              29.557866117797175
            ],
            [
              106.53503643667051,
              29.557601949145692
            ],
            [
              106.5352697846568,
              29.557866117797175
            ],
            [
              106.53496230555567,
              29.55809553844415
            ],
            [
              106.53539336859075,
              29.558847034414896
            ],
            [
              106.53551925388973,
              29.559602345309656
            ],
            [
              106.53594268527809,
              29.560117330378546
            ],
            [
              106.53624595465283,
              29.56038435977348
            ],
            [
              106.53646148527105,
              29.560872642172683
            ],
            [
              106.53736747757182,
              29.561660378123236
            ],
            [
              106.53777183523925,
              29.562568276986724
            ],
            [
              106.53820671139971,
              29.563693614829788
            ],
            [
              106.53837837308936,
              29.56413421157771
            ],
            [
              106.53854431329222,
              29.56456527461279
            ],
            [
              106.53889145069621,
              29.565496062121213
            ],
            [
              106.53960670758647,
              29.565705870353383
            ],
            [
              106.54070724932257,
              29.566558456415464
            ],
            [
              106.54071678663269,
              29.566548920004664
            ],
            [
              106.54079689644038,
              29.566581345060456
            ],
            [
              106.54119553172171,
              29.566896057408655
            ],
            [
              106.54132530658853,
              29.566999048666787
            ],
            [
              106.5414187677311,
              29.5670810650372
            ],
            [
              106.54125664155293,
              29.5673461869701
            ],
            [
              106.54164192819741,
              29.567658992755582
            ],
            [
              106.54194138174876,
              29.567525477608513
            ],
            [
              106.54232857405663,
              29.567849727266832
            ],
            [
              106.54252121692917,
              29.5680309262666
            ],
            [
              106.54316780878383,
              29.56847343137582
            ],
            [
              106.54373047770537,
              29.568759534491676
            ],
            [
              106.54442284684995,
              29.569015119114454
            ],
            [
              106.5450656237806,
              29.569196317214846
            ],
            [
              106.5451381028409,
              29.569200132138917
            ],
            [
              106.54608987153233,
              29.56928214850933
            ],
            [
              106.54705308409655,
              29.56939086754943
            ],
            [
              106.54834245378112,
              29.569343183696844
            ],
            [
              106.54924272369584,
              29.569234464656688
            ],
            [
              106.54924272369584,
              29.569232557194653
            ],
            [
              106.549328554091,
              29.569223020783852
            ],
            [
              106.5495593444054,
              29.56918868826608
            ],
            [
              106.55011629094088,
              29.569127653078624
            ],
            [
              106.55041192956816,
              29.56910095040888
            ],
            [
              106.55054544471528,
              29.56910095040888
            ],
            [
              106.55083536185583,
              29.56909141309876
            ],
            [
              106.55112718735774,
              29.569112394281717
            ],
            [
              106.55127405294036,
              29.569129561439922
            ],
            [
              106.55161928378163,
              29.569181058417996
            ],
            [
              106.55198167998253,
              29.569240187042794
            ],
            [
              106.55256342262498,
              29.5692859634334
            ],
            [
              106.55319475568274,
              29.56925735330168
            ],
            [
              106.55392145734515,
              29.569120023230482
            ],
            [
              106.55519938225757,
              29.56882247714117
            ],
            [
              106.55592989794468,
              29.568652722014235
            ],
            [
              106.55601572923916,
              29.568627926806585
            ],
            [
              106.55620264972566,
              29.568580242953942
            ],
            [
              106.55638384782611,
              29.5685325591013
            ],
            [
              106.55671763389523,
              29.56841048872633
            ],
            [
              106.55714106618291,
              29.568196865570144
            ],
            [
              106.55737757798408,
              29.568049999088203
            ],
            [
              106.55810237128514,
              29.56762466023781
            ],
            [
              106.55831790190337,
              29.567514033735677
            ],
            [
              106.55902362238277,
              29.567138285300643
            ],
            [
              106.5593307057822,
              29.566970439434385
            ],
            [
              106.55986667113473,
              29.566703409140132
            ],
            [
              106.560211901976,
              29.566554636095475
            ],
            [
              106.56102061910951,
              29.566251366720735
            ],
            [
              106.56160999070073,
              29.566121667397
            ],
            [
              106.56239009770252,
              29.56592520960038
            ],
            [
              106.56243396663109,
              29.5659137657276
            ],
            [
              106.56252058393306,
              29.565881006124016
            ],
            [
              106.56252058393306,
              29.565881006124016
            ],
            [
              106.56340797915357,
              29.56555469342095
            ],
            [
              106.56515893216499,
              29.56501681790843
            ],
            [
              106.56631860522378,
              29.564719270919795
            ],
            [
              106.56649564216121,
              29.564670065414248
            ],
            [
              106.56650552571028,
              29.564669679605117
            ],
            [
              106.56799707827554,
              29.564665864681047
            ],
            [
              106.56900416156702,
              29.564669679605117
            ],
            [
              106.5694886308408,
              29.564616273366426
            ],
            [
              106.57015239524964,
              29.564627353913124
            ],
            [
              106.57053004754937,
              29.56463916201136
            ],
            [
              106.57112514332533,
              29.564650605884196
            ],
            [
              106.57132732260868,
              29.564669679605117
            ],
            [
              106.57154476518554,
              29.56468838910064
            ],
            [
              106.57200252729302,
              29.56474215866541
            ],
            [
              106.57330334354839,
              29.565043521477435
            ],
            [
              106.57411969232862,
              29.565234256888004
            ],
            [
              106.57632078209605,
              29.565894201876176
            ],
            [
              106.57695020949046,
              29.566268043748494
            ],
            [
              106.57809080882834,
              29.56658848028144
            ],
            [
              106.57858290615161,
              29.566645336319425
            ],
            [
              106.578937674303,
              29.566786844640717
            ],
            [
              106.57933821974433,
              29.56693143943528
            ],
            [
              106.57987229292331,
              29.56713360972543
            ],
            [
              106.58014693867648,
              29.567545973157507
            ],
            [
              106.58126083444535,
              29.568251694536286
            ],
            [
              106.58243001333801,
              29.56930776210004
            ],
            [
              106.58308808773637,
              29.56985158572843
            ],
            [
              106.58351151912467,
              29.569925972250815
            ],
            [
              106.58430116073862,
              29.570628260917374
            ],
            [
              106.58451478659276,
              29.570662209424654
            ],
            [
              106.58467691097229,
              29.570528695176847
            ],
            [
              106.58485048012398,
              29.569927879712793
            ],
            [
              106.58497445796093,
              29.56923169564419
            ],
            [
              106.58506219581813,
              29.56846875580061
            ],
            [
              106.58517091485822,
              29.567492191901522
            ],
            [
              106.58525483869067,
              29.56674488317418
            ],
            [
              106.5853425774472,
              29.565936164242032
            ],
            [
              106.58534639237126,
              29.565871314130504
            ],
            [
              106.5852891712085,
              29.56529529207546
            ],
            [
              106.58515756442273,
              29.564058959008264
            ],
            [
              106.58510034325997,
              29.563496290086732
            ],
            [
              106.58509843579793,
              29.56348675367593
            ],
            [
              106.58509462087386,
              29.563387936171353
            ],
            [
              106.5849191442602,
              29.562644067350732
            ],
            [
              106.58461015160009,
              29.561701833271457
            ],
            [
              106.58454530238788,
              29.56146913459571
            ],
            [
              106.58446137855543,
              29.56110673659623
            ],
            [
              106.58401887344615,
              29.560187392061266
            ],
            [
              106.58354584804522,
              29.55924897290606
            ],
            [
              106.583133858731,
              29.558856057312823
            ],
            [
              106.58274475806184,
              29.558215185146253
            ],
            [
              106.58268753779839,
              29.558234258867174
            ],
            [
              106.58242015137267,
              29.55788963057165
            ],
            [
              106.58224467385963,
              29.55766837756738
            ],
            [
              106.58193186807415,
              29.55733268313685
            ],
            [
              106.58164957898305,
              29.557019875552726
            ],
            [
              106.58126047831382,
              29.556623145934736
            ],
            [
              106.5806043473504,
              29.55595938602255
            ],
            [
              106.58005502886442,
              29.55542532633342
            ],
            [
              106.57951840520815,
              29.554910334969236
            ],
            [
              106.57923105113537,
              29.55466238379188
            ],
            [
              106.57891061640112,
              29.554395354397002
            ],
            [
              106.57833012471559,
              29.5539185122733
            ],
            [
              106.57797219544727,
              29.55363241185546
            ],
            [
              106.57754494823553,
              29.553296717424985
            ],
            [
              106.57703694100627,
              29.552959114633154
            ],
            [
              106.57651497539979,
              29.552732139242778
            ],
            [
              106.57651814101331,
              29.552728325218027
            ],
            [
              106.57630261039509,
              29.552636772436813
            ],
            [
              106.57618309589333,
              29.552590995146886
            ],
            [
              106.57597710078659,
              29.552514700263202
            ],
            [
              106.57508445802199,
              29.55225529981709
            ],
            [
              106.57385929273573,
              29.551898626901618
            ],
            [
              106.5735102478697,
              29.551793722785533
            ],
            [
              106.57292914644387,
              29.55163350227076
            ],
            [
              106.57236838318573,
              29.551484728326784
            ],
            [
              106.5710828248279,
              29.551328325434042
            ],
            [
              106.57108663885265,
              29.55118718043883
            ],
            [
              106.57079290678803,
              29.55118336641408
            ],
            [
              106.57011007315492,
              29.551152847921003
            ],
            [
              106.56949590365804,
              29.55111470137848
            ],
            [
              106.5690991740401,
              29.551107072429716
            ],
            [
              106.56818745755459,
              29.551225327880616
            ],
            [
              106.56733677625652,
              29.55128254814406
            ],
            [
              106.56591388872687,
              29.55140843434242
            ],
            [
              106.56575748583413,
              29.551419878215256
            ],
            [
              106.56514713126131,
              29.551480913402713
            ],
            [
              106.56472751299839,
              29.551534319641462
            ],
            [
              106.5645634802575,
              29.55152668979332
            ],
            [
              106.56455966533343,
              29.55153050471739
            ],
            [
              106.564376559771,
              29.551522875768626
            ],
            [
              106.56408664173114,
              29.55161824257459
            ],
            [
              106.56378146399504,
              29.55162968734669
            ],
            [
              106.56317873927037,
              29.55177083144258
            ],
            [
              106.56294604239321,
              29.551793720087574
            ],
            [
              106.56258364439373,
              29.551881457944774
            ],
            [
              106.56247301789159,
              29.55188908779286
            ],
            [
              106.56234713259255,
              29.5519272352347
            ],
            [
              106.56199617756658,
              29.551999714294993
            ],
            [
              106.56144685997987,
              29.552102711848363
            ],
            [
              106.56130571588398,
              29.552137044366134
            ],
            [
              106.56086320897612,
              29.55218282075674
            ],
            [
              106.56064195597179,
              29.552228597147405
            ],
            [
              106.56007356376489,
              29.552243855944255
            ],
            [
              106.55961198313605,
              29.552247670868326
            ],
            [
              106.5595280593036,
              29.552186635680812
            ],
            [
              106.5592266973909,
              29.55223622699549
            ],
            [
              106.55915421743128,
              29.552198079553648
            ],
            [
              106.55918854994906,
              29.552068379330592
            ],
            [
              106.55913132968561,
              29.552022602939985
            ],
            [
              106.55854386375779,
              29.552083638127442
            ],
            [
              106.55796021275398,
              29.552156118087055
            ],
            [
              106.55760544460259,
              29.552201893578342
            ],
            [
              106.55691116619732,
              29.552289632334862
            ],
            [
              106.55661679471473,
              29.552329691735338
            ],
            [
              106.55646103034064,
              29.552323964852633
            ],
            [
              106.5559803768902,
              29.552327779776704
            ],
            [
              106.5558621214393,
              29.552297262182947
            ],
            [
              106.5549427751057,
              29.55227056041258
            ],
            [
              106.55386321095529,
              29.552205709401733
            ],
            [
              106.55328337487555,
              29.552179005832727
            ],
            [
              106.5528294240948,
              29.55206456440652
            ],
            [
              106.55242506462872,
              29.551969196701236
            ],
            [
              106.55181089603121,
              29.551881458844093
            ],
            [
              106.55139509179298,
              29.551759387569803
            ],
            [
              106.55111661762595,
              29.55163350227076
            ],
            [
              106.55065503789643,
              29.551499987123634
            ],
            [
              106.54984250404021,
              29.55123677175345
            ],
            [
              106.549701359045,
              29.55118336641408
            ],
            [
              106.54948773588882,
              29.551137589124153
            ],
            [
              106.54879727240763,
              29.55090870717106
            ],
            [
              106.5486637572605,
              29.550828597363363
            ],
            [
              106.54856076060645,
              29.550725600709313
            ],
            [
              106.54846920692592,
              29.55056156796843
            ],
            [
              106.54816784501321,
              29.5502144287658
            ],
            [
              106.54766811784185,
              29.549695627873575
            ],
            [
              106.54747738243134,
              29.549588816295454
            ],
            [
              106.54741253142043,
              29.549585001371383
            ],
            [
              106.54672588376263,
              29.549344674646193
            ],
            [
              106.54617656437728,
              29.549207344575052
            ],
            [
              106.5459858289667,
              29.549192085778145
            ],
            [
              106.54571879957183,
              29.54908527420008
            ],
            [
              106.54551280356577,
              29.54902805303732
            ],
            [
              106.5451885539074,
              29.54885639134767
            ],
            [
              106.54504740981156,
              29.54873432007338
            ],
            [
              106.54492533943659,
              29.548677099809936
            ],
            [
              106.54480708308631,
              29.54864658221618
            ],
            [
              106.54467738286326,
              29.548661841013086
            ],
            [
              106.54435694722963,
              29.54856265838373
            ],
            [
              106.54397547640855,
              29.54835666417631
            ],
            [
              106.54359781871284,
              29.548230777978006
            ],
            [
              106.54336130691166,
              29.548078190009278
            ],
            [
              106.54307901782056,
              29.547948489786222
            ],
            [
              106.5426174380911,
              29.54782260358786
            ],
            [
              106.54196130712768,
              29.547399171300185
            ],
            [
              106.5417247953265,
              29.547208434990353
            ],
            [
              106.54110681180492,
              29.54708636461538
            ],
            [
              106.5399128062283,
              29.54655230492625
            ],
            [
              106.53941307905694,
              29.54633868087069
            ],
            [
              106.53891335188558,
              29.54622042541979
            ],
            [
              106.5384326984352,
              29.546170833205792
            ],
            [
              106.53791008261885,
              29.54604876283082
            ],
            [
              106.53770408841143,
              29.546052577754892
            ],
            [
              106.53721580421359,
              29.546167019181098
            ],
            [
              106.53695258974273,
              29.546273830759162
            ],
            [
              106.53654822937739,
              29.546281459707984
            ],
            [
              106.53632697637306,
              29.54612124189117
            ],
            [
              106.53618964630192,
              29.54611742786642
            ],
            [
              106.5359836520945,
              29.54620516572362
            ],
            [
              106.53590735811014,
              29.546258571962312
            ],
            [
              106.53544577658198,
              29.546189906926713
            ],
            [
              106.53538474229384,
              29.546155574408942
            ],
            [
              106.53359182691656,
              29.544171923621093
            ],
            [
              106.53155095586527,
              29.54220353342879
            ],
            [
              106.52921253692608,
              29.539918518929653
            ],
            [
              106.52819019393843,
              29.538919064586935
            ],
            [
              106.52762180173147,
              29.536664568580875
            ],
            [
              106.52749591643249,
              29.53611906501891
            ],
            [
              106.5273852899303,
              29.53487546902693
            ],
            [
              106.52727466342816,
              29.53334576901983
            ],
            [
              106.52730518102192,
              29.53194958415986
            ],
            [
              106.52400163576118,
              29.53225719725998
            ],
            [
              106.52352986041785,
              29.532538255179247
            ],
            [
              106.52346963372082,
              29.53294980472492
            ],
            [
              106.5232989909631,
              29.533100371017724
            ],
            [
              106.52351838686735,
              29.533603477841268
            ],
            [
              106.52303438074443,
              29.533762471680802
            ],
            [
              106.52284960064435,
              29.533766895445865
            ],
            [
              106.52272293293515,
              29.533916641556914
            ],
            [
              106.52271730317926,
              29.5339275593264
            ],
            [
              106.52263932656342,
              29.534078784822213
            ],
            [
              106.52230889316678,
              29.534554298647265
            ],
            [
              106.52225137432845,
              29.534447477176627
            ],
            [
              106.5222283732682,
              29.534388475356195
            ],
            [
              106.5222283732682,
              29.5343294726365
            ],
            [
              106.5222443713078,
              29.53426446964022
            ],
            [
              106.52177324707361,
              29.53463615313973
            ],
            [
              106.52148215092183,
              29.534405283684976
            ],
            [
              106.52181935981065,
              29.533954443659127
            ],
            [
              106.52098633939863,
              29.533561402160785
            ],
            [
              106.5204482588407,
              29.533190712412193
            ],
            [
              106.51972553757764,
              29.532979917623777
            ],
            [
              106.51941830399142,
              29.533340347906687
            ],
            [
              106.51869229031036,
              29.533260324433854
            ],
            [
              106.51769629206223,
              29.53490536788712
            ],
            [
              106.51734529386874,
              29.535551385074996
            ],
            [
              106.51716229622497,
              29.535835391871217
            ],
            [
              106.51697929588317,
              29.53597739571893
            ],
            [
              106.51683429189717,
              29.536021393250564
            ],
            [
              106.51672828970885,
              29.536021390552605
            ],
            [
              106.51659028784417,
              29.535998384096445
            ],
            [
              106.51637470686393,
              29.535916876742306
            ],
            [
              106.51615881112093,
              29.536264422438478
            ],
            [
              106.51594263838678,
              29.536124309864988
            ],
            [
              106.51607927418132,
              29.5357743611803
            ],
            [
              106.51569826471246,
              29.53556133967055
            ],
            [
              106.51526325275432,
              29.535313318346084
            ],
            [
              106.51451523176394,
              29.53489527929264
            ],
            [
              106.51435522798573,
              29.534802267811074
            ],
            [
              106.51419522420758,
              29.534712259165758
            ],
            [
              106.51456742032059,
              29.53412419698742
            ],
            [
              106.51481152779564,
              29.533912879692878
            ],
            [
              106.51512258439982,
              29.533710016924772
            ],
            [
              106.51508805762842,
              29.5336746528846
            ],
            [
              106.51526209262892,
              29.533532751559562
            ],
            [
              106.51521594391897,
              29.533486603748997
            ],
            [
              106.51457470842632,
              29.533308078433606
            ],
            [
              106.51447695931631,
              29.53324424005939
            ],
            [
              106.51441804203222,
              29.533016606365265
            ],
            [
              106.51451641257376,
              29.53278707330304
            ],
            [
              106.51453827329362,
              29.5326413372689
            ],
            [
              106.51485160518251,
              29.532298859252307
            ],
            [
              106.51502252043485,
              29.532091257057118
            ],
            [
              106.51503831792564,
              29.53208338259344
            ],
            [
              106.51504784444393,
              29.532087464616097
            ],
            [
              106.51515535389592,
              29.5320316688788
            ],
            [
              106.51513085816248,
              29.531996285952857
            ],
            [
              106.51515127097389,
              29.531984037186817
            ],
            [
              106.51525469840317,
              29.531921437178994
            ],
            [
              106.51510908377747,
              29.53182073109815
            ],
            [
              106.51519890266587,
              29.531688725013396
            ],
            [
              106.51529910332772,
              29.531753269355477
            ],
            [
              106.51532818740213,
              29.5317104993984
            ],
            [
              106.51535540358469,
              29.53171730366887
            ],
            [
              106.51540220340377,
              29.531662591614577
            ],
            [
              106.51584022539271,
              29.531474566760608
            ],
            [
              106.51593567943291,
              29.531469713119634
            ],
            [
              106.51603922017682,
              29.53115585063074
            ],
            [
              106.51595347431794,
              29.5310248050219
            ],
            [
              106.5156930009806,
              29.530971415870283
            ],
            [
              106.51562828756602,
              29.53109760873747
            ],
            [
              106.51555871961114,
              29.531312782324846
            ],
            [
              106.51572535768793,
              29.531366170577087
            ],
            [
              106.51574962589285,
              29.53149074466461
            ],
            [
              106.51539883004688,
              29.53164529675263
            ],
            [
              106.51525237725303,
              29.531592041599993
            ],
            [
              106.5152560213059,
              29.53146816628572
            ],
            [
              106.5149281159035,
              29.53143173295166
            ],
            [
              106.5149208295964,
              29.531533748445383
            ],
            [
              106.51487710815667,
              29.53181064520163
            ],
            [
              106.51466579176144,
              29.531978241056322
            ],
            [
              106.51458919560491,
              29.53212415875356
            ],
            [
              106.51400718676314,
              29.532338148833162
            ],
            [
              106.51391818355984,
              29.532248145583765
            ],
            [
              106.51374217904413,
              29.53214413359518
            ],
            [
              106.51346817270894,
              29.532088122919845
            ],
            [
              106.51319716831068,
              29.532078114364992
            ],
            [
              106.51301516441771,
              29.532098111689606
            ],
            [
              106.5124701536842,
              29.532093096170684
            ],
            [
              106.51228514965294,
              29.532020088309025
            ],
            [
              106.51202214382482,
              29.53183307159503
            ],
            [
              106.51182913672682,
              29.531691058754063
            ],
            [
              106.51158813281211,
              29.53165205066108
            ],
            [
              106.51110812237692,
              29.53161803830193
            ],
            [
              106.51073811611303,
              29.53166202773963
            ],
            [
              106.51013410535785,
              29.531786017267848
            ],
            [
              106.51022711234282,
              29.532101031788272
            ],
            [
              106.51027311356393,
              29.532225040202206
            ],
            [
              106.51031911478503,
              29.532332044235204
            ],
            [
              106.5103651187041,
              29.53241805089749
            ],
            [
              106.51042512057057,
              29.532511055184443
            ],
            [
              106.51003711167834,
              29.532366040406544
            ],
            [
              106.50999110955792,
              29.532322034781032
            ],
            [
              106.50990710838374,
              29.532259029178988
            ],
            [
              106.50982310631031,
              29.53221902463713
            ],
            [
              106.50974610366018,
              29.53219402438407
            ],
            [
              106.50966310163278,
              29.532177018204493
            ],
            [
              106.50955609759978,
              29.532168015990976
            ],
            [
              106.50943409827124,
              29.532162011217792
            ],
            [
              106.50912109193695,
              29.53215800204015
            ],
            [
              106.5075366618891,
              29.532163809861856
            ],
            [
              106.50752045340818,
              29.532163958249953
            ],
            [
              106.50749626794084,
              29.532163957350633
            ],
            [
              106.50749606199605,
              29.532163958249953
            ],
            [
              106.50726144506643,
              29.532163950156075
            ],
            [
              106.50728346136901,
              29.533182996229186
            ],
            [
              106.50717152185672,
              29.533185956797297
            ],
            [
              106.50715352102696,
              29.533050555771865
            ],
            [
              106.50707809668705,
              29.533050555771865
            ],
            [
              106.50699030756851,
              29.533055501143735
            ],
            [
              106.50698165159395,
              29.533093832047257
            ],
            [
              106.50696566614488,
              29.533186984722363
            ],
            [
              106.50696445655677,
              29.533186984722363
            ],
            [
              106.50694006604402,
              29.533186984722363
            ],
            [
              106.50574704072841,
              29.53312395034203
            ],
            [
              106.50364668761881,
              29.533026239902824
            ],
            [
              106.50316846143852,
              29.53315256407103
            ],
            [
              106.50268681064,
              29.533320945933212
            ],
            [
              106.50250668183344,
              29.53336010421299
            ],
            [
              106.50250996525818,
              29.532893785955707
            ],
            [
              106.50244697314594,
              29.53288584314356
            ],
            [
              106.50247595919427,
              29.53184080036857
            ],
            [
              106.5024909535905,
              29.531427782230026
            ],
            [
              106.50184260985651,
              29.531369275036752
            ],
            [
              106.50094731409195,
              29.53139373479729
            ],
            [
              106.50025430463006,
              29.531510720405493
            ],
            [
              106.49860028414429,
              29.532339710056192
            ],
            [
              106.49805128042095,
              29.532816714957164
            ],
            [
              106.49778228241013,
              29.53322672576286
            ],
            [
              106.49773128815315,
              29.533874752036127
            ],
            [
              106.49769328730076,
              29.533908751804802
            ],
            [
              106.49767128808531,
              29.53396275429401
            ],
            [
              106.49765528734775,
              29.53401575673712
            ],
            [
              106.4976552891464,
              29.53406875918023
            ],
            [
              106.4976552891464,
              29.534124761761632
            ],
            [
              106.4976552891464,
              29.534177764204742
            ],
            [
              106.49765529274367,
              29.534290766715685
            ],
            [
              106.49764729507285,
              29.534402772777867
            ],
            [
              106.49764729507285,
              29.534513776995254
            ],
            [
              106.49764729867019,
              29.534627784048894
            ],
            [
              106.49765529813959,
              29.5347387891656
            ],
            [
              106.49765529813959,
              29.534787791424378
            ],
            [
              106.49766330120633,
              29.534837793729196
            ],
            [
              106.49766630494196,
              29.53510180499933
            ],
            [
              106.49757131225397,
              29.535895837103453
            ],
            [
              106.4974943167984,
              29.5360888442014
            ],
            [
              106.49749432039567,
              29.536452860081283
            ],
            [
              106.4974983223787,
              29.53664986736362
            ],
            [
              106.49748432712931,
              29.537029883081686
            ],
            [
              106.49751333116404,
              29.537180891840933
            ],
            [
              106.49752233337756,
              29.537473902649253
            ],
            [
              106.49752415180672,
              29.53747447281944
            ],
            [
              106.49747461265275,
              29.537694836394223
            ],
            [
              106.49747322140155,
              29.537777584812773
            ],
            [
              106.49748021812695,
              29.537811420005482
            ],
            [
              106.49748921494455,
              29.537906787710767
            ],
            [
              106.49749101358861,
              29.538171299903297
            ],
            [
              106.4974532267749,
              29.538194692168645
            ],
            [
              106.49746402313582,
              29.53834584122211
            ],
            [
              106.49789337026448,
              29.53833147005605
            ],
            [
              106.49789336306992,
              29.53833167510146
            ],
            [
              106.49901298482217,
              29.538318982969713
            ],
            [
              106.49980500064623,
              29.538309005891108
            ],
            [
              106.49982099958515,
              29.53820300190415
            ],
            [
              106.49984514278435,
              29.538204638670265
            ],
            [
              106.4998453900979,
              29.53820300190415
            ],
            [
              106.50025104009109,
              29.538230499574524
            ],
            [
              106.50035500711363,
              29.538153014887826
            ],
            [
              106.50037883734876,
              29.53815343217326
            ],
            [
              106.50037939762638,
              29.538153014887826
            ],
            [
              106.50072240444428,
              29.538159025056927
            ],
            [
              106.50070740555145,
              29.538220026070178
            ],
            [
              106.50068440718923,
              29.538279028789873
            ],
            [
              106.50063840686744,
              29.538346030979028
            ],
            [
              106.50057740765283,
              29.538409032084473
            ],
            [
              106.500524408807,
              29.538477034319726
            ],
            [
              106.50049340737797,
              29.538523034641514
            ],
            [
              106.50047040631779,
              29.538569036761942
            ],
            [
              106.50044840620296,
              29.538611036000077
            ],
            [
              106.50042540874,
              29.538656038973727
            ],
            [
              106.50040240767981,
              29.53870004100196
            ],
            [
              106.5003164109101,
              29.53891904839918
            ],
            [
              106.50029355464068,
              29.53891514174427
            ],
            [
              106.5002920203973,
              29.53891904839918
            ],
            [
              106.49970269916815,
              29.53881831443931
            ],
            [
              106.49941238992318,
              29.53882201874677
            ],
            [
              106.49942239667939,
              29.53922803566337
            ],
            [
              106.4993872880467,
              29.539344630066466
            ],
            [
              106.49942515579937,
              29.539696043746687
            ],
            [
              106.49911259642812,
              29.53970776461074
            ],
            [
              106.49904617699963,
              29.539686276210148
            ],
            [
              106.49899109802192,
              29.53944014166325
            ],
            [
              106.498971390279,
              29.539441031992112
            ],
            [
              106.4989753913627,
              29.539530036993995
            ],
            [
              106.49863838662003,
              29.539572028138195
            ],
            [
              106.49784537344777,
              29.53965101019611
            ],
            [
              106.49781137277984,
              29.539760015220622
            ],
            [
              106.49784937722944,
              29.5400780280807
            ],
            [
              106.49782483383194,
              29.540076751043387
            ],
            [
              106.4978249867167,
              29.5400780280807
            ],
            [
              106.49759847267853,
              29.540066243364834
            ],
            [
              106.49759668122908,
              29.540463767983454
            ],
            [
              106.49734663373204,
              29.540463767983454
            ],
            [
              106.49721379577443,
              29.540289906552175
            ],
            [
              106.4971769235712,
              29.539989668791975
            ],
            [
              106.49696436161503,
              29.540174007324936
            ],
            [
              106.49665635641048,
              29.540274002941374
            ],
            [
              106.49616834830448,
              29.540384993668965
            ],
            [
              106.49616153683945,
              29.540380995283215
            ],
            [
              106.49614395779173,
              29.540384993668965
            ],
            [
              106.49605195804747,
              29.540330990280438
            ],
            [
              106.49590944518343,
              29.540289999182335
            ],
            [
              106.49574834243379,
              29.54032498011128
            ],
            [
              106.49556533939403,
              29.54042797856397
            ],
            [
              106.49542033720661,
              29.54052797957638
            ],
            [
              106.49527533681788,
              29.54065197989638
            ],
            [
              106.49515333209342,
              29.540679976690512
            ],
            [
              106.4949093316377,
              29.540713971063212
            ],
            [
              106.49489486064692,
              29.540712588805263
            ],
            [
              106.49488494112495,
              29.540713971063212
            ],
            [
              106.49471075234044,
              29.54069733540433
            ],
            [
              106.49474832871277,
              29.540906977261898
            ],
            [
              106.4947793346384,
              29.54113398502784
            ],
            [
              106.49500834339585,
              29.541472007803065
            ],
            [
              106.49504634514756,
              29.541565013888658
            ],
            [
              106.49505334726888,
              29.54165301794518
            ],
            [
              106.49505334726888,
              29.541660018267862
            ],
            [
              106.49505334726888,
              29.541723021171947
            ],
            [
              106.49505334726888,
              29.541724020318725
            ],
            [
              106.49507634832906,
              29.541764023061887
            ],
            [
              106.49508034941277,
              29.541769023292375
            ],
            [
              106.49499235165155,
              29.541961029444963
            ],
            [
              106.49531436559533,
              29.542719071580734
            ],
            [
              106.49522636693473,
              29.5428060728932
            ],
            [
              106.49550838083331,
              29.543418107399532
            ],
            [
              106.4953993892986,
              29.544262142707794
            ],
            [
              106.49540038844538,
              29.544263140955252
            ],
            [
              106.49532705323048,
              29.544830900039415
            ],
            [
              106.49444454042924,
              29.544858306878268
            ],
            [
              106.49371265777268,
              29.54509439779673
            ],
            [
              106.49301225498436,
              29.54610171940851
            ],
            [
              106.49281551300197,
              29.547053952150122
            ],
            [
              106.49326785039898,
              29.54889757040405
            ],
            [
              106.4932534153811,
              29.548914285203296
            ],
            [
              106.4932154154281,
              29.548950284164846
            ],
            [
              106.49317741457571,
              29.54898528487888
            ],
            [
              106.4931314133546,
              29.549017283655985
            ],
            [
              106.49308541483146,
              29.549042283909102
            ],
            [
              106.4930324105897,
              29.549069285153678
            ],
            [
              106.49297841169778,
              29.54909328356206
            ],
            [
              106.49294841031485,
              29.549114285429425
            ],
            [
              106.49290241269102,
              29.54913028436829
            ],
            [
              106.49286440824142,
              29.549147284252626
            ],
            [
              106.4927224115882,
              29.549474293930302
            ],
            [
              106.49214740306911,
              29.549620285371873
            ],
            [
              106.49199440321092,
              29.549713284262964
            ],
            [
              106.4918414015541,
              29.549769283247088
            ],
            [
              106.49164339692356,
              29.549805276812663
            ],
            [
              106.49119338966995,
              29.54989326827865
            ],
            [
              106.4911703886097,
              29.5498982667105
            ],
            [
              106.49098738556995,
              29.549954266593943
            ],
            [
              106.4907513827851,
              29.550028261911166
            ],
            [
              106.4904913761959,
              29.550099257090153
            ],
            [
              106.49029337336401,
              29.55011825077139
            ],
            [
              106.49027911821054,
              29.55011727860426
            ],
            [
              106.49026898285126,
              29.55011825077139
            ],
            [
              106.49009298103351,
              29.550106246620942
            ],
            [
              106.48991797926186,
              29.55008724124849
            ],
            [
              106.48972697405475,
              29.550057233570328
            ],
            [
              106.48959936295671,
              29.55005722997305
            ],
            [
              106.48943035786436,
              29.550068225983523
            ],
            [
              106.48927035588486,
              29.550102223054182
            ],
            [
              106.48911035390535,
              29.55014821977869
            ],
            [
              106.48906435268424,
              29.55016521876371
            ],
            [
              106.48902635363049,
              29.550261222289635
            ],
            [
              106.4889423533557,
              29.55038122602258
            ],
            [
              106.48860735410113,
              29.550877238993962
            ],
            [
              106.48858920218527,
              29.55086800205737
            ],
            [
              106.48858296358839,
              29.550877238993962
            ],
            [
              106.4876749388198,
              29.55041519341563
            ],
            [
              106.48671591529757,
              29.54991944844221
            ],
            [
              106.48637130588781,
              29.550421155021354
            ],
            [
              106.48699132187721,
              29.55076518526772
            ],
            [
              106.48699232282263,
              29.55076518526772
            ],
            [
              106.48705832136835,
              29.550802188771968
            ],
            [
              106.48703875661761,
              29.550807778957676
            ],
            [
              106.4870339308556,
              29.550802188771968
            ],
            [
              106.48678893125316,
              29.55087218570344
            ],
            [
              106.48619491556298,
              29.550702162578546
            ],
            [
              106.48536189874824,
              29.550564132834893
            ],
            [
              106.4848368808428,
              29.550211102173648
            ],
            [
              106.48480588211174,
              29.55020210085945
            ],
            [
              106.48476788215874,
              29.55017909889989
            ],
            [
              106.4847368798304,
              29.55017109583315
            ],
            [
              106.48470688024616,
              29.55017109583315
            ],
            [
              106.48456987572956,
              29.550158090737284
            ],
            [
              106.48368486011509,
              29.550127065026572
            ],
            [
              106.48356985571331,
              29.550129062420808
            ],
            [
              106.48315785021134,
              29.55015805296574
            ],
            [
              106.48250983742793,
              29.55026303802083
            ],
            [
              106.48227287056977,
              29.55020359463333
            ],
            [
              106.48207832113451,
              29.550192150760495
            ],
            [
              106.48197150955644,
              29.550136837059767
            ],
            [
              106.4818838238599,
              29.550074011322124
            ],
            [
              106.48171783059706,
              29.54996326790814
            ],
            [
              106.48160148440678,
              29.54986980766489
            ],
            [
              106.48150039341613,
              29.549745829827884
            ],
            [
              106.48145080210145,
              29.549686702102406
            ],
            [
              106.48138780908994,
              29.549649980085974
            ],
            [
              106.48127380563352,
              29.54960697360724
            ],
            [
              106.48108280132573,
              29.54956796461488
            ],
            [
              106.48083079600462,
              29.549529958366577
            ],
            [
              106.48029678937547,
              29.54954394282413
            ],
            [
              106.48028378787689,
              29.549562941901343
            ],
            [
              106.48007678642881,
              29.549688943212914
            ],
            [
              106.47992778315773,
              29.549774941781266
            ],
            [
              106.47982978223752,
              29.549782940351406
            ],
            [
              106.47966877931259,
              29.54975093258105
            ],
            [
              106.47959277670856,
              29.54975793290373
            ],
            [
              106.4795267745655,
              29.549776930182304
            ],
            [
              106.4794657735523,
              29.54981993126512
            ],
            [
              106.47933977314005,
              29.549894932024415
            ],
            [
              106.47906677044824,
              29.549965927203345
            ],
            [
              106.4787567651515,
              29.550016918762424
            ],
            [
              106.47853375936859,
              29.550012913182115
            ],
            [
              106.47832175409269,
              29.55000190458111
            ],
            [
              106.47818275398055,
              29.55007890633192
            ]
          ]
        ]
      }
    }
  ]
}