{
  "type": "FeatureCollection",
  "features": [
    {
      "type": "Feature",
      "properties": {
        "MJ": null,
        "BZ": null,
        "MC": "MC",
        "DM": "500000000000",
        "FLDM": null,
        "ZZJGDM": null,
        "SZDDZ": null,
        "LX": "11",
        "GXSJ": null,
        "SHAPE_AREA": 7.70988,
        "SHAPE_LEN": 31.287539
      },
      "geometry": {
        "type": "Polygon",
        "coordinates": [
          [
            [
              105.73404056825859,
              29.486651887374194
            ],
            [
              105.73474082625603,
              29.488451988334475
            ],
            [
              105.73594077814994,
              29.490052092665962
            ],
            [
              105.73654089484074,
              29.490852172710674
            ],
            [
              105.73774084403664,
              29.492352276029806
            ],
            [
              105.73834096342546,
              29.493252331006545
            ],
            [
              105.7393983053285,
              29.494790568277665
            ],
            [
              105.74000783971962,
              29.49532397955562
            ],
            [
              105.74090783983775,
              29.495824019691042
            ],
            [
              105.74170812043127,
              29.496423960114726
            ],
            [
              105.74260811965007,
              29.497023989571346
            ],
            [
              105.7435081197682,
              29.49762401992723
            ],
            [
              105.745107959699,
              29.498823989807534
            ],
            [
              105.74600795981706,
              29.499424020163474
            ],
            [
              105.74611806561177,
              29.499570800310494
            ],
            [
              105.74624110815387,
              29.499652838264694
            ],
            [
              105.74684122484467,
              29.500452891329758
            ],
            [
              105.7479410489218,
              29.502052930010734
            ],
            [
              105.74858707060628,
              29.502791059358117
            ],
            [
              105.74990784011953,
              29.504024010075227
            ],
            [
              105.75150803977914,
              29.505323970175994
            ],
            [
              105.75240803989726,
              29.505824010311414
            ],
            [
              105.75330804001538,
              29.506323959615315
            ],
            [
              105.75367550659382,
              29.50650756160354
            ],
            [
              105.75978040580156,
              29.504426918035506
            ],
            [
              105.76211644693336,
              29.503053829563896
            ],
            [
              105.76251112789578,
              29.504199357186508
            ],
            [
              105.76259092743737,
              29.50420479718548
            ],
            [
              105.76211644693336,
              29.503053829563896
            ],
            [
              105.76259092743737,
              29.50420479718548
            ],
            [
              105.7639579931494,
              29.507497970565225
            ],
            [
              105.76461099087487,
              29.509005971730403
            ],
            [
              105.76487406864874,
              29.509823393401803
            ],
            [
              105.7658747047006,
              29.51252933827476
            ],
            [
              105.76639174202234,
              29.51422603698677
            ],
            [
              105.76601408612532,
              29.514504511153802
            ],
            [
              105.76612089770339,
              29.515103420954517
            ],
            [
              105.76634215070771,
              29.515595519177054
            ],
            [
              105.76639937187048,
              29.515923583759445
            ],
            [
              105.76610182398247,
              29.516026581312815
            ],
            [
              105.76631163311396,
              29.51706799802139
            ],
            [
              105.76715087143845,
              29.516942112722404
            ],
            [
              105.76727935397952,
              29.517598289551245
            ],
            [
              105.7673642706635,
              29.518015540798558
            ],
            [
              105.76475713699989,
              29.52217208401089
            ],
            [
              105.76406285859463,
              29.523278350830992
            ],
            [
              105.7635669472466,
              29.524094698711906
            ],
            [
              105.7625751218527,
              29.524560094264757
            ],
            [
              105.76214024479293,
              29.52472031208157
            ],
            [
              105.75982852942269,
              29.524918677340224
            ],
            [
              105.75920291515371,
              29.52663529783382
            ],
            [
              105.75865359666767,
              29.52810014772939
            ],
            [
              105.7584170848665,
              29.52877153659034
            ],
            [
              105.75812716682663,
              29.529595515218716
            ],
            [
              105.75489991914753,
              29.52970232679678
            ],
            [
              105.75507539576125,
              29.531228211879863
            ],
            [
              105.75609773964823,
              29.53285327959219
            ],
            [
              105.75792117171989,
              29.533280527703255
            ],
            [
              105.75901217974314,
              29.532799873353497
            ],
            [
              105.76000400513703,
              29.532570991400405
            ],
            [
              105.7613544136064,
              29.532227667121845
            ],
            [
              105.76307594259964,
              29.53171587464618
            ],
            [
              105.7643271684397,
              29.53147173299692
            ],
            [
              105.76539528871729,
              29.53138018021565
            ],
            [
              105.7664347970645,
              29.531342032773807
            ],
            [
              105.76754315031172,
              29.531455808701708
            ],
            [
              105.76864298608001,
              29.531555843888327
            ],
            [
              105.76964300609626,
              29.531755944838494
            ],
            [
              105.7707428085896,
              29.53175597541542
            ],
            [
              105.77184304365687,
              29.531555933820528
            ],
            [
              105.77294325174444,
              29.531355956976824
            ],
            [
              105.77394295609867,
              29.53115600981073
            ],
            [
              105.7750430994351,
              29.530856058934262
            ],
            [
              105.77604320668553,
              29.530656016440048
            ],
            [
              105.77714300558159,
              29.530356064664318
            ],
            [
              105.77904315431903,
              29.529456079834688
            ],
            [
              105.77994316073239,
              29.528856047680108
            ],
            [
              105.78084317074303,
              29.52825607757876
            ],
            [
              105.78254306294758,
              29.527056042947265
            ],
            [
              105.78384306621587,
              29.525555078077673
            ],
            [
              105.78464336839312,
              29.523755019385533
            ],
            [
              105.7847119722748,
              29.523429030438365
            ],
            [
              105.78504325373206,
              29.521854855359607
            ],
            [
              105.78624316425714,
              29.52045488974983
            ],
            [
              105.78734336964675,
              29.520254912906125
            ],
            [
              105.78834308029622,
              29.520554954614056
            ],
            [
              105.78934323161349,
              29.520954936180487
            ],
            [
              105.79034325702565,
              29.521455050060297
            ],
            [
              105.7912432832241,
              29.52195512886658
            ],
            [
              105.79284320499323,
              29.523255201382653
            ],
            [
              105.7943433775601,
              29.524655336964315
            ],
            [
              105.79504318319857,
              29.525455298298482
            ],
            [
              105.79624354158597,
              29.5269554303959
            ],
            [
              105.79674424991765,
              29.527855482674738
            ],
            [
              105.79754460065834,
              29.529556579071425
            ],
            [
              105.79784452815238,
              29.530556632362618
            ],
            [
              105.79834456199256,
              29.532356725228965
            ],
            [
              105.79894478929998,
              29.53425682720166
            ],
            [
              105.79974473444639,
              29.535956925350888
            ],
            [
              105.800244758394,
              29.536856975831085
            ],
            [
              105.80084455762415,
              29.53765702889615
            ],
            [
              105.80214451142973,
              29.539157162792208
            ],
            [
              105.802744752227,
              29.539957215857214
            ],
            [
              105.80394457911507,
              29.541557257236207
            ],
            [
              105.80474491726523,
              29.54225734076516
            ],
            [
              105.80564494256436,
              29.542757422269347
            ],
            [
              105.80603704517051,
              29.54291440702349
            ],
            [
              105.80664465411314,
              29.543157436211402
            ],
            [
              105.80774489277769,
              29.54315746768765
            ],
            [
              105.80894478711497,
              29.542957525018153
            ],
            [
              105.80954490200713,
              29.5412574349628
            ],
            [
              105.8094447607005,
              29.54025742214111
            ],
            [
              105.80954486423559,
              29.53845734366388
            ],
            [
              105.81014495664476,
              29.537657295095414
            ],
            [
              105.8107447351905,
              29.53675727429294
            ],
            [
              105.81384470272212,
              29.53695736984713
            ],
            [
              105.81614484201913,
              29.53695743729628
            ],
            [
              105.81814499266824,
              29.53625752283989
            ],
            [
              105.8215449029824,
              29.534057460997587
            ],
            [
              105.82424492581976,
              29.532057482119
            ],
            [
              105.82654494190973,
              29.530056490603783
            ],
            [
              105.82744644569425,
              29.528827358408023
            ],
            [
              105.82741007980934,
              29.528324009666903
            ],
            [
              105.82680996042058,
              29.526224039668477
            ],
            [
              105.82521011959045,
              29.523524040213488
            ],
            [
              105.82331004010081,
              29.52002402996152
            ],
            [
              105.82130987955918,
              29.516123969794705
            ],
            [
              105.82010999961108,
              29.512924020136495
            ],
            [
              105.81913661841264,
              29.510232791769226
            ],
            [
              105.81841008042687,
              29.508224040004222
            ],
            [
              105.81741000015609,
              29.503924019854708
            ],
            [
              105.81651000003797,
              29.500324020281596
            ],
            [
              105.81627096024255,
              29.49952797009888
            ],
            [
              105.81584508000037,
              29.498107410014597
            ],
            [
              105.81568631998454,
              29.49819408037655
            ],
            [
              105.81584508000037,
              29.498107320082397
            ],
            [
              105.81531012008986,
              29.496323969894263
            ],
            [
              105.81410988041296,
              29.493024030015533
            ],
            [
              105.81330996044755,
              29.489724000204603
            ],
            [
              105.81230988017671,
              29.486622959781812
            ],
            [
              105.81171011961743,
              29.483622989665264
            ],
            [
              105.81140988005859,
              29.481623009887358
            ],
            [
              105.81111000022861,
              29.47942295973627
            ],
            [
              105.81050987994053,
              29.477123010196124
            ],
            [
              105.80970995997512,
              29.475223019739417
            ],
            [
              105.80811012004432,
              29.473922969706393
            ],
            [
              105.80690988036741,
              29.47292298026713
            ],
            [
              105.80588297871634,
              29.471296898119476
            ],
            [
              105.80444370913659,
              29.472352271406635
            ],
            [
              105.80354370002527,
              29.472952300863255
            ],
            [
              105.8026430029326,
              29.473452328408143
            ],
            [
              105.80164289838007,
              29.473952259725593
            ],
            [
              105.79974278021962,
              29.474752271421835
            ],
            [
              105.79874263969424,
              29.475152197230273
            ],
            [
              105.79764284439545,
              29.47545224163622
            ],
            [
              105.796642734447,
              29.47575219700923
            ],
            [
              105.7955425920099,
              29.476052147885696
            ],
            [
              105.79454288136043,
              29.47585213866637
            ],
            [
              105.79344267237354,
              29.475552125736726
            ],
            [
              105.79244252735151,
              29.475652104266032
            ],
            [
              105.7913427311534,
              29.47605202737651
            ],
            [
              105.7903426230036,
              29.47645207909011
            ],
            [
              105.78934260928264,
              29.47675203176516
            ],
            [
              105.78834246695857,
              29.477052078869065
            ],
            [
              105.78724266626386,
              29.476951949253646
            ],
            [
              105.78723458855342,
              29.476946565012668
            ],
            [
              105.78723458855342,
              29.476946565012668
            ],
            [
              105.78604660213915,
              29.476249754116566
            ],
            [
              105.78529891839452,
              29.47425847258131
            ],
            [
              105.78618393221029,
              29.47267155321009
            ],
            [
              105.78739701060852,
              29.472557111783885
            ],
            [
              105.79070055227197,
              29.472847029823754
            ],
            [
              105.79119646541858,
              29.472251934947167
            ],
            [
              105.79006730905417,
              29.47168735766428
            ],
            [
              105.78839646495118,
              29.471260109553214
            ],
            [
              105.78670273310257,
              29.470932044071503
            ],
            [
              105.78560409523124,
              29.471038857448264
            ],
            [
              105.78468856472102,
              29.471328774588812
            ],
            [
              105.78362807429153,
              29.47127536835012
            ],
            [
              105.78257521371012,
              29.471321144740728
            ],
            [
              105.78176649477797,
              29.471557657441224
            ],
            [
              105.78111036381455,
              29.47170261556181
            ],
            [
              105.78005044715252,
              29.471807682455164
            ],
            [
              105.7797376422663,
              29.471843921535708
            ],
            [
              105.77940767022193,
              29.47187825405348
            ],
            [
              105.7782035526684,
              29.47190861066855
            ],
            [
              105.77713543329014,
              29.471817057887336
            ],
            [
              105.77624215470485,
              29.47125141580716
            ],
            [
              105.77534213390237,
              29.470751433228372
            ],
            [
              105.77454223282274,
              29.47005134700146
            ],
            [
              105.77448938776098,
              29.469980879724517
            ],
            [
              105.77430899994965,
              29.46982301993006
            ],
            [
              105.77310912000155,
              29.468223000134856
            ],
            [
              105.77220911988348,
              29.46652299011913
            ],
            [
              105.77130911976536,
              29.464822980103463
            ],
            [
              105.77080907962994,
              29.46392297998534
            ],
            [
              105.77034570395432,
              29.463305261763765
            ],
            [
              105.76854188699542,
              29.46245081140711
            ],
            [
              105.76744208270344,
              29.46235077622049
            ],
            [
              105.76644197275499,
              29.462650822425076
            ],
            [
              105.76544183762553,
              29.463150752843205
            ],
            [
              105.76394213990062,
              29.464450831654517
            ],
            [
              105.76324195115103,
              29.46525075161992
            ],
            [
              105.7629420623278,
              29.467050822003216
            ],
            [
              105.76295835264705,
              29.4689675353531
            ],
            [
              105.76364190933504,
              29.47075109868058
            ],
            [
              105.76394224062471,
              29.47175111869683
            ],
            [
              105.76374207132608,
              29.473351121404903
            ],
            [
              105.76264183985609,
              29.473751168621845
            ],
            [
              105.76164213190458,
              29.473751141642197
            ],
            [
              105.7605420173465,
              29.47375110926663
            ],
            [
              105.75944218337685,
              29.473751076891006
            ],
            [
              105.7583419761886,
              29.473751047213398
            ],
            [
              105.75724104864338,
              29.473751014837774
            ],
            [
              105.75664096612678,
              29.475451074316197
            ],
            [
              105.75671146038337,
              29.476333677949015
            ],
            [
              105.7568220868855,
              29.477382723606354
            ],
            [
              105.75665805414468,
              29.4776535679253
            ],
            [
              105.75603244167428,
              29.477935857016405
            ],
            [
              105.75549075213706,
              29.477333132291676
            ],
            [
              105.75492998977825,
              29.477775639199592
            ],
            [
              105.7548193623768,
              29.478485175502385
            ],
            [
              105.75451418554002,
              29.479110788872106
            ],
            [
              105.75376650179538,
              29.479591442322487
            ],
            [
              105.7533163659387,
              29.479812695326814
            ],
            [
              105.75304170669568,
              29.480018690433553
            ],
            [
              105.75279595615933,
              29.48025527597912
            ],
            [
              105.75252129691631,
              29.480400234999024
            ],
            [
              105.75216271384085,
              29.480446011389688
            ],
            [
              105.75188805459788,
              29.480446011389688
            ],
            [
              105.75148369513181,
              29.480262905827203
            ],
            [
              105.75085808176215,
              29.48001876417794
            ],
            [
              105.7498357387745,
              29.479774623428
            ],
            [
              105.74873710180248,
              29.47963729155822
            ],
            [
              105.7477409506696,
              29.4796509423673
            ],
            [
              105.74674083172789,
              29.47925095810291
            ],
            [
              105.74574068220932,
              29.478850943261534
            ],
            [
              105.74474056506631,
              29.478650842311367
            ],
            [
              105.74364076167359,
              29.478450801615793
            ],
            [
              105.74254061204192,
              29.478250793295786
            ],
            [
              105.7414408104479,
              29.478250762718858
            ],
            [
              105.74044069780149,
              29.47825073304125
            ],
            [
              105.73934046273422,
              29.478650687627976
            ],
            [
              105.73844045272358,
              29.47915071787088
            ],
            [
              105.73754044361226,
              29.47965065008765
            ],
            [
              105.73684066225547,
              29.480450695958098
            ],
            [
              105.73594066663401,
              29.482150746443324
            ],
            [
              105.73544067056537,
              29.483051769989913
            ]
          ]
        ]
      }
    }
  ]
}