{
  "type": "FeatureCollection",
  "features": [
    {
      "type": "Feature",
      "properties": {
        "MJ": null,
        "BZ": null,
        "MC": "MC",
        "DM": "500000000000",
        "FLDM": null,
        "ZZJGDM": null,
        "SZDDZ": null,
        "LX": "11",
        "GXSJ": null,
        "SHAPE_AREA": 7.70988,
        "SHAPE_LEN": 31.287539
      },
      "geometry": {
        "type": "Polygon",
        "coordinates": [
          [
            [
              106.04025012167057,
              29.3310488300437
            ],
            [
              106.04135038731476,
              29.332848939997234
            ],
            [
              106.04355148517607,
              29.336749142256963
            ],
            [
              106.0447514361706,
              29.340649410167146
            ],
            [
              106.046051509586,
              29.344149505854716
            ],
            [
              106.04626865898388,
              29.345346564629608
            ],
            [
              106.04645145517952,
              29.34634967561567
            ],
            [
              106.04645148215923,
              29.348250729970346
            ],
            [
              106.04615173183157,
              29.35085086780788
            ],
            [
              106.04635186515736,
              29.35325097843969
            ],
            [
              106.04705181019068,
              29.355151080412327
            ],
            [
              106.04775204210779,
              29.357351165637
            ],
            [
              106.04895191126406,
              29.359651332813087
            ],
            [
              106.05055183663046,
              29.361151378575585
            ],
            [
              106.05245202134074,
              29.36275153596705
            ],
            [
              106.05415195761202,
              29.36495171202324
            ],
            [
              106.05545192400808,
              29.36745179578844
            ],
            [
              106.05615218200552,
              29.369251894050763
            ],
            [
              106.05805236042056,
              29.37265212991946
            ],
            [
              106.0587432933479,
              29.37375819798939
            ],
            [
              106.06105232604045,
              29.372952292136574
            ],
            [
              106.0638346467361,
              29.373120872748927
            ],
            [
              106.06384990643227,
              29.373147576317933
            ],
            [
              106.06105232604045,
              29.372952292136574
            ],
            [
              106.0587432933479,
              29.37375819798939
            ],
            [
              106.06055237044131,
              29.37665240693599
            ],
            [
              106.06225232739706,
              29.38025261335315
            ],
            [
              106.06335250580702,
              29.38255271487867
            ],
            [
              106.06345263542244,
              29.38495285428877
            ],
            [
              106.06355236304091,
              29.38755297234127
            ],
            [
              106.06335261102771,
              29.38995410280421
            ],
            [
              106.06305284181434,
              29.393554251664796
            ],
            [
              106.06285267161638,
              29.39515425437287
            ],
            [
              106.06175245993148,
              29.396954302273173
            ],
            [
              106.06035286574166,
              29.39885431431361
            ],
            [
              106.05885267878563,
              29.400954424606255
            ],
            [
              106.05825257828258,
              29.403454549740275
            ],
            [
              106.05775259840175,
              29.405554597080368
            ],
            [
              106.05685259018975,
              29.406154629234948
            ],
            [
              106.05585287864096,
              29.40595452828478
            ],
            [
              106.05425266369286,
              29.40615455459124
            ],
            [
              106.05415256015777,
              29.407754557299313
            ],
            [
              106.05515271597164,
              29.408454618345218
            ],
            [
              106.05645262031453,
              29.40875463577146
            ],
            [
              106.05865266686834,
              29.40925478382553
            ],
            [
              106.06045271117137,
              29.409954863757207
            ],
            [
              106.0616529661367,
              29.410854939418357
            ],
            [
              106.06315279156536,
              29.411955029694752
            ],
            [
              106.06265270556452,
              29.413255009580666
            ],
            [
              106.06165302099538,
              29.414755078725534
            ],
            [
              106.06085272331472,
              29.41685511707243
            ],
            [
              106.06055296489319,
              29.418955263337978
            ],
            [
              106.06065298928792,
              29.420555365870825
            ],
            [
              106.0607311808418,
              29.42075931681859
            ],
            [
              106.06145303156114,
              29.42265544918382
            ],
            [
              106.06205316983568,
              29.42495550574324
            ],
            [
              106.06265290071735,
              29.427155681799434
            ],
            [
              106.06315302898633,
              29.42875576634583
            ],
            [
              106.06325319457466,
              29.43165689737407
            ],
            [
              106.06385333105055,
              29.43395704656365
            ],
            [
              106.06515329025206,
              29.43585713504649
            ],
            [
              106.06685336861625,
              29.439157296158385
            ],
            [
              106.0675536068286,
              29.441757432197335
            ],
            [
              106.06785345608165,
              29.443957565985386
            ],
            [
              106.06796285410991,
              29.444750643908776
            ],
            [
              106.06825350419791,
              29.446857706860044
            ],
            [
              106.06925364921989,
              29.44905779927933
            ],
            [
              106.07005359796358,
              29.451157943746182
            ],
            [
              106.07035350297463,
              29.452757961742748
            ],
            [
              106.06965364427617,
              29.454858097216402
            ],
            [
              106.06925375174262,
              29.456358089019602
            ],
            [
              106.06875368282891,
              29.45885821595226
            ],
            [
              106.06835380378516,
              29.461358344683504
            ],
            [
              106.06825374341753,
              29.463858450931752
            ],
            [
              106.06875378535159,
              29.46625850580557
            ],
            [
              106.06995372465497,
              29.46925873762484
            ],
            [
              106.07017087495217,
              29.47056280043273
            ],
            [
              106.07045390328597,
              29.472259850779665
            ],
            [
              106.07145506723981,
              29.475960041122107
            ],
            [
              106.07265504701269,
              29.47946022764114
            ],
            [
              106.07325520237436,
              29.483060405280014
            ],
            [
              106.07355516224402,
              29.48656056571872
            ],
            [
              106.0740552230638,
              29.490060765727605
            ],
            [
              106.07415536167247,
              29.493160841177883
            ],
            [
              106.0743551802355,
              29.49556098508458
            ],
            [
              106.07425511537127,
              29.49786111179111
            ],
            [
              106.07335513683688,
              29.500561206574275
            ],
            [
              106.07245515560453,
              29.503161326425356
            ],
            [
              106.07205527206423,
              29.505261373765507
            ],
            [
              106.07235553230743,
              29.507761491704912
            ],
            [
              106.07305548273672,
              29.509861605594836
            ],
            [
              106.07415563506635,
              29.512562724705788
            ],
            [
              106.07505570083498,
              29.515962929098237
            ],
            [
              106.0764558750875,
              29.519863107975596
            ],
            [
              106.07745560642132,
              29.52156321242012
            ],
            [
              106.07825595716201,
              29.523263339347693
            ],
            [
              106.07945584340536,
              29.526763528564686
            ],
            [
              106.08075591861939,
              29.530463728799702
            ],
            [
              106.08195586241936,
              29.53376390609941
            ],
            [
              106.08275623564305,
              29.53706404472831
            ],
            [
              106.08395612998032,
              29.541164288582934
            ],
            [
              106.08445627083978,
              29.543964425747276
            ],
            [
              106.08447386877327,
              29.543971730940086
            ],
            [
              106.08507191882205,
              29.54656455728957
            ],
            [
              106.08517203944427,
              29.548364636666122
            ],
            [
              106.08477218468227,
              29.550164706150156
            ],
            [
              106.08487220188243,
              29.551364730889077
            ],
            [
              106.08457240658868,
              29.552865819865133
            ],
            [
              106.08417203291788,
              29.555665896774883
            ],
            [
              106.08527230036071,
              29.557765989980396
            ],
            [
              106.08707237344203,
              29.5603661871732
            ],
            [
              106.0892724478748,
              29.56266638042962
            ],
            [
              106.09087267901072,
              29.563766443726365
            ],
            [
              106.09347265227234,
              29.564966540411035
            ],
            [
              106.09587241126923,
              29.566766689035433
            ],
            [
              106.09797278686187,
              29.568366849124857
            ],
            [
              106.09887281575828,
              29.56926691489349
            ],
            [
              106.09937283161202,
              29.56976698020992
            ],
            [
              106.10117290918993,
              29.572767133788147
            ],
            [
              106.10147283758329,
              29.574067262961478
            ],
            [
              106.1023728916607,
              29.57666730726953
            ],
            [
              106.10307273956732,
              29.580567561689918
            ],
            [
              106.1038738178595,
              29.58486780307271
            ],
            [
              106.10497412127523,
              29.589468005224433
            ],
            [
              106.10637420829352,
              29.593669168299243
            ],
            [
              106.10755693817049,
              29.597616736051577
            ],
            [
              106.10758364084018,
              29.597717825243592
            ],
            [
              106.1076580273625,
              29.59793907824792
            ],
            [
              106.10786974395603,
              29.598578041153758
            ],
            [
              106.10800516656514,
              29.598827907887085
            ],
            [
              106.10812723783943,
              29.59907586356104
            ],
            [
              106.10825312313847,
              29.599323820134373
            ],
            [
              106.10837137858937,
              29.59957559163172
            ],
            [
              106.1086193351627,
              29.600063874030923
            ],
            [
              106.10874521956237,
              29.600327084904507
            ],
            [
              106.10887491978542,
              29.600582670426604
            ],
            [
              106.10915339305319,
              29.601357055042286
            ],
            [
              106.10942232901078,
              29.602131439657967
            ],
            [
              106.10969317332973,
              29.602907731735684
            ],
            [
              106.10983431742562,
              29.603298738967624
            ],
            [
              106.10989916843647,
              29.603491380940852
            ],
            [
              106.10997164659744,
              29.603682116351422
            ],
            [
              106.11030161864187,
              29.60438020698274
            ],
            [
              106.11046183555936,
              29.604733066772837
            ],
            [
              106.11062396083821,
              29.605084020000163
            ],
            [
              106.11078990014175,
              29.605431157404155
            ],
            [
              106.11094820959721,
              29.605778295707466
            ],
            [
              106.1111122423381,
              29.60613497042158
            ],
            [
              106.11127436761689,
              29.60648592274964
            ],
            [
              106.1115776360923,
              29.607161125635344
            ],
            [
              106.11172641003628,
              29.607498726628478
            ],
            [
              106.11187136905625,
              29.60783632762167
            ],
            [
              106.1119514770653,
              29.608004174387304
            ],
            [
              106.11202395702492,
              29.608173930413557
            ],
            [
              106.1121708226076,
              29.608509623045393
            ],
            [
              106.1123253180383,
              29.608847224038584
            ],
            [
              106.11239589143526,
              29.60901697826614
            ],
            [
              106.11246836959623,
              29.609171473696904
            ],
            [
              106.11279643417862,
              29.609724606207635
            ],
            [
              106.11295855855815,
              29.610001172013312
            ],
            [
              106.11312068383694,
              29.610273922894976
            ],
            [
              106.11344684095735,
              29.610827055405707
            ],
            [
              106.11360896623614,
              29.611105528673477
            ],
            [
              106.11376536912894,
              29.611372558068354
            ],
            [
              106.11381686700628,
              29.612379639561198
            ],
            [
              106.11383975565127,
              29.61288317985793
            ],
            [
              106.11385501444812,
              29.613136857917993
            ],
            [
              106.11386455085892,
              29.61337527718115
            ],
            [
              106.1137348524345,
              29.61370715578829
            ],
            [
              106.11361087279886,
              29.614039035294752
            ],
            [
              106.11335860037912,
              29.614686265668013
            ],
            [
              106.11205859171491,
              29.615986256345764
            ],
            [
              106.1105686480368,
              29.61747226908733
            ],
            [
              106.11063349634969,
              29.618145563611677
            ],
            [
              106.11070216138523,
              29.618794064727012
            ],
            [
              106.11076319837139,
              29.619444470606425
            ],
            [
              106.11079562342718,
              29.61977062772678
            ],
            [
              106.11082614102088,
              29.6200948773851
            ],
            [
              106.11087000994951,
              29.620474439844884
            ],
            [
              106.11132014490687,
              29.621630295281648
            ],
            [
              106.11154521193583,
              29.622208223000086
            ],
            [
              106.1116672823108,
              29.62251149057613
            ],
            [
              106.11177409478825,
              29.622784243256433
            ],
            [
              106.11315897157306,
              29.625986726304802
            ],
            [
              106.1140590310464,
              29.628886940024586
            ],
            [
              106.11475883938283,
              29.62988697442995
            ],
            [
              106.11665902409311,
              29.63158713283383
            ],
            [
              106.11745894136055,
              29.63328713655426
            ],
            [
              106.11715907502037,
              29.634588245988652
            ],
            [
              106.11685929231714,
              29.636888370896543
            ],
            [
              106.1175591510156,
              29.63938843937325
            ],
            [
              106.11935920790916,
              29.64088858585984
            ],
            [
              106.12095903255147,
              29.641988650055907
            ],
            [
              106.12265940139667,
              29.643588799353438
            ],
            [
              106.12405954866949,
              29.64548889143356
            ],
            [
              106.12615944132625,
              29.648389079972333
            ],
            [
              106.1272484870288,
              29.65020422029488
            ],
            [
              106.12765969213416,
              29.650889230287305
            ],
            [
              106.12985967393678,
              29.653089453108294
            ],
            [
              106.12997204242572,
              29.653217145145277
            ],
            [
              106.13208363436269,
              29.65555650207733
            ],
            [
              106.13319944838548,
              29.657166310992864
            ],
            [
              106.13424085340284,
              29.65857394332295
            ],
            [
              106.13546538826438,
              29.660090288397896
            ],
            [
              106.13582397044053,
              29.6605194421723
            ],
            [
              106.13647819304259,
              29.661326252743095
            ],
            [
              106.13675970601878,
              29.661689963752792
            ],
            [
              106.13902268802758,
              29.66402716141272
            ],
            [
              106.13976071305365,
              29.664790248745078
            ],
            [
              106.14186109134425,
              29.666590386577525
            ],
            [
              106.1446612581862,
              29.66799046640125
            ],
            [
              106.14766114106851,
              29.66899059523547
            ],
            [
              106.15096140830042,
              29.66999073216357
            ],
            [
              106.15216124598038,
              29.670390815353358
            ],
            [
              106.15336116909594,
              29.67199095026183
            ],
            [
              106.15586146600043,
              29.6741910894458
            ],
            [
              106.15906165487831,
              29.67679129383322
            ],
            [
              106.16066151279557,
              29.677891357129965
            ],
            [
              106.16096140881336,
              29.6788924059706
            ],
            [
              106.1612616528688,
              29.680192506365643
            ],
            [
              106.16066158204336,
              29.682692627902327
            ],
            [
              106.15986168456101,
              29.684392587556033
            ],
            [
              106.16006149862744,
              29.686492747311377
            ],
            [
              106.16116166534624,
              29.687992783181357
            ],
            [
              106.16296171774314,
              29.68929295282419
            ],
            [
              106.16436185962004,
              29.690793090317527
            ],
            [
              106.16516179397462,
              29.69159305255107
            ],
            [
              106.1659595123997,
              29.693388214434776
            ],
            [
              106.16573054860828,
              29.694533155699446
            ],
            [
              106.16546173495851,
              29.695877364242733
            ],
            [
              106.16456173394107,
              29.697177427765553
            ],
            [
              106.16376186074041,
              29.698177448681122
            ],
            [
              106.16236172515875,
              29.699477434862274
            ],
            [
              106.16116185420384,
              29.70127748006462
            ],
            [
              106.15926186014985,
              29.704377589689102
            ],
            [
              106.15756183484564,
              29.70497754000536
            ],
            [
              106.15606168476182,
              29.705277541243788
            ],
            [
              106.15406187585506,
              29.70587747717093
            ],
            [
              106.15246164202125,
              29.706977542266316
            ],
            [
              106.15216179996276,
              29.709677653237236
            ],
            [
              106.1527620308675,
              29.71207771260771
            ],
            [
              106.1536620723544,
              29.713777812555577
            ],
            [
              106.15526195005674,
              29.716177995133137
            ],
            [
              106.15586209012997,
              29.718579147179867
            ],
            [
              106.15696191780432,
              29.720579236675064
            ],
            [
              106.15866188735055,
              29.722579372035682
            ],
            [
              106.1602621742444,
              29.725379509200025
            ],
            [
              106.16046199460607,
              29.727879656817038
            ],
            [
              106.1606622448437,
              29.729879719332587
            ],
            [
              106.16036236771168,
              29.73247985717012
            ],
            [
              106.16106235141592,
              29.73678006258001
            ],
            [
              106.1621625262286,
              29.74108031385532
            ],
            [
              106.16226226823619,
              29.74478044843977
            ],
            [
              106.1626627183494,
              29.747480580095157
            ],
            [
              106.16466261359102,
              29.750680744691294
            ],
            [
              106.16576277131662,
              29.753580871176837
            ],
            [
              106.1650625681778,
              29.75568100575117
            ],
            [
              106.16376269621054,
              29.757681055676187
            ],
            [
              106.16276257007434,
              29.75908208878127
            ],
            [
              106.160962550053,
              29.759982078107498
            ],
            [
              106.15866242874239,
              29.761182066873573
            ],
            [
              106.15696251315552,
              29.76278208666878
            ],
            [
              106.15696253563857,
              29.764382190100946
            ],
            [
              106.15846270730611,
              29.76558225171209
            ],
            [
              106.15976274295002,
              29.76628232175119
            ],
            [
              106.16136255769976,
              29.766782354692054
            ],
            [
              106.1637628248136,
              29.76688243034812
            ],
            [
              106.16456272679255,
              29.76788246385422
            ],
            [
              106.16506275703546,
              29.76918259842347
            ],
            [
              106.16656292780368,
              29.770282658122937
            ],
            [
              106.16886307969128,
              29.771482745814467
            ],
            [
              106.17136404209407,
              29.771982900163778
            ],
            [
              106.17356409044658,
              29.772483019439505
            ],
            [
              106.17492412615826,
              29.773299029175348
            ],
            [
              106.17506422434263,
              29.773383097798614
            ],
            [
              106.17666406157542,
              29.775183223939962
            ],
            [
              106.17856425527896,
              29.77738334333884
            ],
            [
              106.18006440266481,
              29.779083458575258
            ],
            [
              106.1817643704124,
              29.781083566056907
            ],
            [
              106.18336429308084,
              29.782483700739192
            ],
            [
              106.1855642631923,
              29.784083771795792
            ],
            [
              106.18786443936159,
              29.786783957410478
            ],
            [
              106.18953671158795,
              29.788311102443686
            ],
            [
              106.19016451210877,
              29.788884178319734
            ],
            [
              106.19256470278026,
              29.790284277029173
            ],
            [
              106.19506463905662,
              29.791284360897293
            ],
            [
              106.19846492618672,
              29.79148452929661
            ],
            [
              106.20166499905201,
              29.79228468668299
            ],
            [
              106.20536465609649,
              29.785084475296742
            ],
            [
              106.20616496456904,
              29.78378437670034
            ],
            [
              106.20846507059116,
              29.781584379609228
            ],
            [
              106.21166469289614,
              29.77908436059522
            ],
            [
              106.21846597941936,
              29.774784335049787
            ],
            [
              106.22006618807217,
              29.77408435044623
            ],
            [
              106.21846597941936,
              29.774784335049787
            ],
            [
              106.21166469289614,
              29.77908436059522
            ],
            [
              106.20846507059116,
              29.781584379609228
            ],
            [
              106.20616496456904,
              29.78378437670034
            ],
            [
              106.20536465609649,
              29.785084475296742
            ],
            [
              106.20166499905201,
              29.79228468668299
            ],
            [
              106.20486516904413,
              29.793384795845157
            ],
            [
              106.20877271606685,
              29.795470632098557
            ],
            [
              106.2142660232347,
              29.79918528443858
            ],
            [
              106.21786612173327,
              29.801185444980206
            ],
            [
              106.22176653983024,
              29.803585692308957
            ],
            [
              106.2257665623386,
              29.806386929344114
            ],
            [
              106.22894873240034,
              29.80870005575059
            ],
            [
              106.23236664174556,
              29.81188733036413
            ],
            [
              106.23466684669313,
              29.814587512381536
            ],
            [
              106.23796705456982,
              29.818187763764797
            ],
            [
              106.24076724029749,
              29.82088796107064
            ],
            [
              106.24376715195808,
              29.82388824235261
            ],
            [
              106.24666702663347,
              29.826688446966102
            ],
            [
              106.24846709072153,
              29.828788559057386
            ],
            [
              106.25276855428291,
              29.833588952990794
            ],
            [
              106.25366858228,
              29.834489019658747
            ],
            [
              106.25526854271999,
              29.83608907272884
            ],
            [
              106.2581687357553,
              29.839289328156553
            ],
            [
              106.2605686053688,
              29.842289497023273
            ],
            [
              106.2634688289811,
              29.84528977200995
            ],
            [
              106.26456865305818,
              29.846989784723633
            ],
            [
              106.26576900425101,
              29.847889857686823
            ],
            [
              106.26806907609893,
              29.849991078642176
            ],
            [
              106.2704689358199,
              29.85229118736231
            ],
            [
              106.27406905230487,
              29.85589144683945
            ],
            [
              106.27626903410749,
              29.857991663252108
            ],
            [
              106.27876934000523,
              29.86089186078408
            ],
            [
              106.28176930922245,
              29.863692040216506
            ],
            [
              106.28476972000675,
              29.866392242918323
            ],
            [
              106.28856963706835,
              29.868792485750475
            ],
            [
              106.29177082958961,
              29.87149269834481
            ],
            [
              106.29517071832004,
              29.874392921057733
            ],
            [
              106.29847094598176,
              29.877293113193787
            ],
            [
              106.3016711375576,
              29.879993320392146
            ],
            [
              106.30477113836417,
              29.882393545237846
            ],
            [
              106.3083712440573,
              29.884993762215743
            ],
            [
              106.31087119202482,
              29.886893917248415
            ],
            [
              106.31307110637835,
              29.8845938498971
            ],
            [
              106.31537120160857,
              29.881393804011452
            ],
            [
              106.31707151019924,
              29.878793739918308
            ],
            [
              106.31927142725067,
              29.876693742040914
            ],
            [
              106.32117112542778,
              29.87489371662366
            ],
            [
              106.3220711282438,
              29.873793629944544
            ],
            [
              106.32297111757009,
              29.871893572038687
            ],
            [
              106.32317130395586,
              29.86919346106771
            ],
            [
              106.3239711492775,
              29.86629339034016
            ],
            [
              106.32477103237068,
              29.863393282740446
            ],
            [
              106.32597135568454,
              29.862493279924365
            ],
            [
              106.3273713806496,
              29.862493318595227
            ],
            [
              106.32917141775806,
              29.86259337266756
            ],
            [
              106.33097145396715,
              29.8627934025713
            ],
            [
              106.33207125466186,
              29.862793432248907
            ],
            [
              106.33267136955402,
              29.861093376367762
            ],
            [
              106.33087129197611,
              29.85799322177718
            ],
            [
              106.32887109726028,
              29.85579303582847
            ],
            [
              106.32827128364096,
              29.854392990179008
            ],
            [
              106.32807116380502,
              29.852691908171437
            ],
            [
              106.33077119203836,
              29.85109191535588
            ],
            [
              106.33237599532742,
              29.85040396008378
            ],
            [
              106.33357122937792,
              29.849891942777617
            ],
            [
              106.33777146165443,
              29.84749195715159
            ],
            [
              106.34027241416464,
              29.847192012570417
            ],
            [
              106.34037248982077,
              29.84589193016177
            ],
            [
              106.33897124717367,
              29.843691825152007
            ],
            [
              106.33697105605512,
              29.841991692828515
            ],
            [
              106.33527112158242,
              29.839991558367217
            ],
            [
              106.33477096543447,
              29.8383914729215
            ],
            [
              106.33497116890737,
              29.837191455377138
            ],
            [
              106.3362710777468,
              29.83559139331379
            ],
            [
              106.33747097927863,
              29.83569143119837
            ],
            [
              106.3385712188425,
              29.83569145997666
            ],
            [
              106.33977115185064,
              29.83599147830222
            ],
            [
              106.34057218517671,
              29.837291588589835
            ],
            [
              106.34167230962731,
              29.837991590280467
            ],
            [
              106.3426720121829,
              29.83759166267339
            ],
            [
              106.34247220890836,
              29.836391603760205
            ],
            [
              106.34197218316206,
              29.83519150617616
            ],
            [
              106.34077223306684,
              29.833791444338885
            ],
            [
              106.33867125402912,
              29.831491248384566
            ],
            [
              106.33757101536457,
              29.829191147758365
            ],
            [
              106.33907110969045,
              29.827291138415887
            ],
            [
              106.3402710184169,
              29.825891081075213
            ],
            [
              106.3388709556803,
              29.8232908946743
            ],
            [
              106.33897093241097,
              29.82139084576164
            ],
            [
              106.3399710117825,
              29.819090711860497
            ],
            [
              106.34107078999415,
              29.817390762099365
            ],
            [
              106.34377194597727,
              29.815890743316515
            ],
            [
              106.34707207741161,
              29.81418976113372
            ],
            [
              106.34937219692358,
              29.81278973437003
            ],
            [
              106.35067213903795,
              29.813789786761845
            ],
            [
              106.34987184675322,
              29.816190898339073
            ],
            [
              106.34927217073016,
              29.817890955119537
            ],
            [
              106.34897187901072,
              29.81969102730153
            ],
            [
              106.35077191791777,
              29.819891085983556
            ],
            [
              106.35447206509275,
              29.818791142296618
            ],
            [
              106.35627208331539,
              29.817691177925326
            ],
            [
              106.35867223171874,
              29.816091143740948
            ],
            [
              106.36057233818798,
              29.81429015065322
            ],
            [
              106.36118611737908,
              29.81339713017337
            ],
            [
              106.36167211639963,
              29.81269008139526
            ],
            [
              106.36257211112184,
              29.811090005842118
            ],
            [
              106.36257211112184,
              29.811090005842118
            ],
            [
              106.36117204209,
              29.80818987036338
            ],
            [
              106.35857208411687,
              29.80558968216377
            ],
            [
              106.35627188096794,
              29.80338954927504
            ],
            [
              106.35367191580025,
              29.80038937771036
            ],
            [
              106.35137182056997,
              29.796689056066896
            ],
            [
              106.34917173444592,
              29.793588918563444
            ],
            [
              106.34747176310105,
              29.791288707320632
            ],
            [
              106.34577069907994,
              29.788988619284964
            ],
            [
              106.34467043793234,
              29.78758849809242
            ],
            [
              106.34257051559803,
              29.786988439857566
            ],
            [
              106.34067046218871,
              29.785888274937406
            ],
            [
              106.33977042519842,
              29.78418827121692
            ],
            [
              106.33988513192463,
              29.782816915738863
            ],
            [
              106.33994616711209,
              29.782267597252883
            ],
            [
              106.3400072022996,
              29.781718278766846
            ],
            [
              106.33890856532759,
              29.780131357596986
            ],
            [
              106.33713853859524,
              29.7793989326492
            ],
            [
              106.3365281849218,
              29.778910649350735
            ],
            [
              106.33658922010926,
              29.777812012378718
            ],
            [
              106.33658922010926,
              29.77634716158383
            ],
            [
              106.33555161832476,
              29.775919915271402
            ],
            [
              106.33447020786622,
              29.7760877629363
            ],
            [
              106.33207001269813,
              29.774387590143306
            ],
            [
              106.33167013005715,
              29.77428760621808
            ],
            [
              106.33047019704901,
              29.773987494362984
            ],
            [
              106.32807007112876,
              29.774987471211773
            ],
            [
              106.32616991609609,
              29.775487469079053
            ],
            [
              106.32406999556036,
              29.775187428270442
            ],
            [
              106.32176994439692,
              29.774587306183662
            ],
            [
              106.31977008243018,
              29.773787211749777
            ],
            [
              106.31656990164618,
              29.771886037785293
            ],
            [
              106.31366973109391,
              29.77028588399105
            ],
            [
              106.31246978189802,
              29.768885725926395
            ],
            [
              106.3123696567792,
              29.766885666108806
            ],
            [
              106.3133697442446,
              29.765085617309182
            ],
            [
              106.31356950525105,
              29.76328554332855
            ],
            [
              106.31266945387159,
              29.76088547406556
            ],
            [
              106.31136939034872,
              29.75808521998937
            ],
            [
              106.30946921103435,
              29.75468508034811
            ],
            [
              106.30916939955284,
              29.752984999285957
            ],
            [
              106.3074693436717,
              29.751284874157022
            ],
            [
              106.30536835833874,
              29.748384688316264
            ],
            [
              106.30396818588486,
              29.7447844908923
            ],
            [
              106.30372303699494,
              29.743394389945877
            ],
            [
              106.30366834382642,
              29.743084407132187
            ],
            [
              106.30296811460727,
              29.741084329328203
            ],
            [
              106.3022681650773,
              29.738884153271954
            ],
            [
              106.30146779455157,
              29.735884026673432
            ],
            [
              106.30106784266275,
              29.73318389771606
            ],
            [
              106.30086801060986,
              29.729882747349848
            ],
            [
              106.29946784624991,
              29.726782603551158
            ],
            [
              106.29736794909661,
              29.723582373304453
            ],
            [
              106.2964678932205,
              29.72068221983926
            ],
            [
              106.29644988519618,
              29.72019916789702
            ],
            [
              106.29636775820916,
              29.717982097177128
            ],
            [
              106.29546768794393,
              29.714181936399314
            ],
            [
              106.29476741555732,
              29.711381699410254
            ],
            [
              106.29426727469786,
              29.708581596420117
            ],
            [
              106.29396746501499,
              29.70708155065762
            ],
            [
              106.29326752627685,
              29.705581466224317
            ],
            [
              106.29236749738044,
              29.70478137358907
            ],
            [
              106.29046735583762,
              29.703981283651785
            ],
            [
              106.2887674222643,
              29.7042813109706
            ],
            [
              106.28646737739604,
              29.704381220252117
            ],
            [
              106.28396710837052,
              29.70408110479974
            ],
            [
              106.281567269334,
              29.703180995863704
            ],
            [
              106.279567107893,
              29.701180850610513
            ],
            [
              106.27846723795051,
              29.69848070096873
            ],
            [
              106.27766688001526,
              29.696380616756414
            ],
            [
              106.27666713069499,
              29.69328042079701
            ],
            [
              106.27626667608513,
              29.690480287230002
            ],
            [
              106.27596683312737,
              29.686579137984154
            ],
            [
              106.27526687640278,
              29.683778997222532
            ],
            [
              106.27476684256266,
              29.682178910877496
            ],
            [
              106.2746667156452,
              29.67987877697641
            ],
            [
              106.27517732821036,
              29.679167667759373
            ],
            [
              106.2755587990315,
              29.67866031073993
            ],
            [
              106.27628359503046,
              29.678412354166596
            ],
            [
              106.2772563467035,
              29.67809191943229
            ],
            [
              106.27765307632143,
              29.67795458756251
            ],
            [
              106.27820239480747,
              29.677752409178424
            ],
            [
              106.27875934314159,
              29.67756167376791
            ],
            [
              106.27942691797779,
              29.67704287287563
            ],
            [
              106.2800258277785,
              29.67658892119556
            ],
            [
              106.28044926096544,
              29.676257041689155
            ],
            [
              106.28098332065457,
              29.67533769625487
            ],
            [
              106.28125035094882,
              29.6748837445748
            ],
            [
              106.281513566319,
              29.674389739789547
            ],
            [
              106.28256652222854,
              29.671143552388514
            ],
            [
              106.28366671592698,
              29.66794341117469
            ],
            [
              106.28426680114154,
              29.666443330338666
            ],
            [
              106.28496669671222,
              29.664743244779856
            ],
            [
              106.28406666062119,
              29.663443225323817
            ],
            [
              106.28216647681023,
              29.66174306602062
            ],
            [
              106.28066666037483,
              29.66124306275742
            ],
            [
              106.27916653187475,
              29.660742965065424
            ],
            [
              106.27856638280832,
              29.659942882322753
            ],
            [
              106.27726631838613,
              29.65694274493228
            ],
            [
              106.2770664953265,
              29.654242619572187
            ],
            [
              106.27716615369718,
              29.652242567848532
            ],
            [
              106.27786635233934,
              29.649742448110487
            ],
            [
              106.27896613234964,
              29.64824238166358
            ],
            [
              106.28036622926044,
              29.646541346420747
            ],
            [
              106.28226635821278,
              29.644341334940464
            ],
            [
              106.28466647963643,
              29.643041316383744
            ],
            [
              106.28656658430708,
              29.641041314122788
            ],
            [
              106.28696648313587,
              29.640041282415325
            ],
            [
              106.28536623131555,
              29.63974125329787
            ],
            [
              106.28336641521429,
              29.64004117899333
            ],
            [
              106.28066636989382,
              29.640641158987194
            ],
            [
              106.27846642136609,
              29.64054099789547
            ],
            [
              106.27606618213127,
              29.640240947194286
            ],
            [
              106.27386512473947,
              29.639140866810465
            ],
            [
              106.27256508459897,
              29.637840713355388
            ],
            [
              106.27146491608158,
              29.63624067377509
            ],
            [
              106.27136519925494,
              29.634440590801262
            ],
            [
              106.27306511304323,
              29.63264056178673
            ],
            [
              106.27526503728927,
              29.630940549073046
            ],
            [
              106.27716584163244,
              29.62994055873446
            ],
            [
              106.27846625589086,
              29.628740510613113
            ],
            [
              106.27846623700509,
              29.62744048666042
            ],
            [
              106.27686485293839,
              29.624540314309513
            ],
            [
              106.27546469307504,
              29.621640084401974
            ],
            [
              106.2735649283481,
              29.618939911377822
            ],
            [
              106.27116476105903,
              29.61673980726738
            ],
            [
              106.26866487064808,
              29.61453967257995
            ],
            [
              106.26666462017425,
              29.612939514289167
            ],
            [
              106.2644645448421,
              29.610539314624475
            ],
            [
              106.26296436328198,
              29.60843921062707
            ],
            [
              106.26216444601454,
              29.60653910685579
            ],
            [
              106.2607643877746,
              29.60433793614942
            ],
            [
              106.25926410099379,
              29.601537802582357
            ],
            [
              106.25936417664985,
              29.600237782226998
            ],
            [
              106.25926406142361,
              29.598837685316198
            ],
            [
              106.25826433278769,
              29.59713755119401
            ],
            [
              106.25666405668574,
              29.59523745371797
            ],
            [
              106.25576400080962,
              29.592537307673467
            ],
            [
              106.2563641094066,
              29.59053723796336
            ],
            [
              106.25626408231386,
              29.58873715678817
            ],
            [
              106.25565384285426,
              29.5864703013994
            ],
            [
              106.25564234592144,
              29.58646627963128
            ],
            [
              106.25555370964156,
              29.586137023447236
            ],
            [
              106.25455356282094,
              29.583636852447796
            ],
            [
              106.253753605084,
              29.581036713710944
            ],
            [
              106.2529532399542,
              29.57843658037001
            ],
            [
              106.25235349917995,
              29.57543646276463
            ],
            [
              106.25135335685593,
              29.573436343591823
            ],
            [
              106.2506534990568,
              29.571136194402243
            ],
            [
              106.2501533608953,
              29.56873613683041
            ],
            [
              106.24965331176668,
              29.56583593120456
            ],
            [
              106.24935295619531,
              29.56313480579837
            ],
            [
              106.24935291572581,
              29.560234710789132
            ],
            [
              106.24965320384803,
              29.55803465344343
            ],
            [
              106.24965316607648,
              29.55523443893742
            ],
            [
              106.24935281140444,
              29.552734380353286
            ],
            [
              106.24905299992292,
              29.551134303001447
            ],
            [
              106.248853148085,
              29.548634157183017
            ],
            [
              106.24855280240615,
              29.546534087359873
            ],
            [
              106.24865288975349,
              29.543833970993035
            ],
            [
              106.2490528596287,
              29.5410338590097
            ],
            [
              106.24945269460562,
              29.537833698910106
            ],
            [
              106.25025258309478,
              29.535333610648365
            ],
            [
              106.25095278983088,
              29.533633525089556
            ],
            [
              106.25155294968914,
              29.53093342580985
            ],
            [
              106.25185274588216,
              29.529133355426495
            ],
            [
              106.2519528224376,
              29.527933336083493
            ],
            [
              106.25225270406622,
              29.52573327963711
            ],
            [
              106.25275268484637,
              29.52373217570664
            ],
            [
              106.25334572657084,
              29.52244018989427
            ],
            [
              106.25361275596572,
              29.521879428434772
            ],
            [
              106.2537615299097,
              29.521558991002507
            ],
            [
              106.25376534483377,
              29.521539917281586
            ],
            [
              106.25397515396526,
              29.520902860938406
            ],
            [
              106.2542002218936,
              29.520242915050915
            ],
            [
              106.25457406376592,
              29.519159536875804
            ],
            [
              106.25573755084946,
              29.519212943114496
            ],
            [
              106.25682092992389,
              29.51984237140823
            ],
            [
              106.25819422613893,
              29.520309672624478
            ],
            [
              106.25966670588258,
              29.520874249907365
            ],
            [
              106.26043727737289,
              29.521583787109478
            ],
            [
              106.2611925909656,
              29.522285693564186
            ],
            [
              106.26219967515641,
              29.522751089117094
            ],
            [
              106.26265743996186,
              29.5229647131726
            ],
            [
              106.26328305333152,
              29.522369617396635
            ],
            [
              106.26412991970551,
              29.521591416058243
            ],
            [
              106.26335269862813,
              29.519136123026726
            ],
            [
              106.26245265174526,
              29.51703603701577
            ],
            [
              106.26175274718139,
              29.515835996089038
            ],
            [
              106.26055286723329,
              29.51263579282204
            ],
            [
              106.2598526227257,
              29.50963563924381
            ],
            [
              106.25965277628364,
              29.50743550635508
            ],
            [
              106.25951138667284,
              29.506728918029864
            ],
            [
              106.25920131032967,
              29.50531785118892
            ],
            [
              106.25836207380382,
              29.50431839684626
            ],
            [
              106.25711847691252,
              29.502876434696304
            ],
            [
              106.25709558916691,
              29.501533656075082
            ],
            [
              106.25708795931882,
              29.50041976030616
            ],
            [
              106.25727106578057,
              29.499641558967767
            ],
            [
              106.25746262227216,
              29.498870229348995
            ],
            [
              106.2566626753271,
              29.49697012377908
            ],
            [
              106.2567627680703,
              29.494570021241202
            ],
            [
              106.25776287262283,
              29.49406996491797
            ],
            [
              106.25906281024055,
              29.494570085093017
            ],
            [
              106.26056304126342,
              29.4954701688481
            ],
            [
              106.2620627713639,
              29.496470223937877
            ],
            [
              106.2630629172852,
              29.496670260136852
            ],
            [
              106.26316299024336,
              29.494970159289664
            ],
            [
              106.2622629388639,
              29.49267009643495
            ],
            [
              106.26156267996714,
              29.490869997273307
            ],
            [
              106.26166278170354,
              29.48896991418644
            ],
            [
              106.26296265726808,
              29.487169872581376
            ],
            [
              106.26296770516262,
              29.48716608823429
            ],
            [
              106.26296376613215,
              29.48716400900173
            ],
            [
              106.26416377738127,
              29.48626400618565
            ],
            [
              106.26576381066633,
              29.486464061270397
            ],
            [
              106.26716384822186,
              29.487064124901224
            ],
            [
              106.26886224575316,
              29.48626490370907
            ],
            [
              106.26866304322573,
              29.484668926366396
            ],
            [
              106.26806282041491,
              29.48296883541167
            ],
            [
              106.26706277971425,
              29.481368703201213
            ],
            [
              106.26426260657706,
              29.481968682295758
            ],
            [
              106.26306272033366,
              29.48256870725578
            ],
            [
              106.2615625657532,
              29.482668637221707
            ],
            [
              106.26046275786393,
              29.482168553918825
            ],
            [
              106.25916270063635,
              29.479868477574314
            ],
            [
              106.25876274874753,
              29.47726831905237
            ],
            [
              106.25886240891685,
              29.474968191446465
            ],
            [
              106.25856248591941,
              29.47206808564539
            ],
            [
              106.258162451293,
              29.47016799086731
            ],
            [
              106.25789376984352,
              29.468878358580696
            ],
            [
              106.2567942767169,
              29.468119687818785
            ],
            [
              106.25523143759239,
              29.46686778029266
            ],
            [
              106.25485504794074,
              29.463791198731087
            ],
            [
              106.25808709620082,
              29.461532856324652
            ],
            [
              106.25926189855414,
              29.4603641342876
            ],
            [
              106.25916240475937,
              29.458767489647983
            ],
            [
              106.25886215980466,
              29.45746745400413
            ],
            [
              106.25856224220314,
              29.454767326845342
            ],
            [
              106.2579620877408,
              29.453567226563393
            ],
            [
              106.25686224387863,
              29.450467091757844
            ],
            [
              106.2558620898634,
              29.447666941103705
            ],
            [
              106.25506211683796,
              29.44396578578875
            ],
            [
              106.25386105158344,
              29.440965557566756
            ],
            [
              106.25276090375041,
              29.438665454242596
            ],
            [
              106.25136073489386,
              29.437365327767225
            ],
            [
              106.24926080536494,
              29.436365224114013
            ],
            [
              106.24847951485538,
              29.435565883311995
            ],
            [
              106.24799665626733,
              29.435082981556548
            ],
            [
              106.24711453557046,
              29.43396568455171
            ],
            [
              106.24711453557046,
              29.43396183725207
            ],
            [
              106.24649650528414,
              29.433179038579453
            ],
            [
              106.2450963166425,
              29.430378781805302
            ],
            [
              106.24409615543271,
              29.426978667345054
            ],
            [
              106.24339631561998,
              29.42367850263588
            ],
            [
              106.24239611933666,
              29.420078316003753
            ],
            [
              106.2415961966733,
              29.41777812904263
            ],
            [
              106.24179636057596,
              29.415778079117615
            ],
            [
              106.24209614957442,
              29.413678027280866
            ],
            [
              106.24229590338632,
              29.411477873707724
            ],
            [
              106.24159606357364,
              29.40847775340444
            ],
            [
              106.24019600173636,
              29.405677618938057
            ],
            [
              106.24016020242436,
              29.405659798872023
            ],
            [
              106.23955995802976,
              29.404659741084288
            ],
            [
              106.23756010505628,
              29.40235855317775
            ],
            [
              106.23645993204224,
              29.40045843681594
            ],
            [
              106.23595980197462,
              29.398558371715467
            ],
            [
              106.23605986324156,
              29.396158235902647
            ],
            [
              106.23555982310614,
              29.394058161582905
            ],
            [
              106.23475989864414,
              29.391457993168387
            ],
            [
              106.23375970236077,
              29.38775783430225
            ],
            [
              106.23135981476088,
              29.38355754986509
            ],
            [
              106.22875939903281,
              29.379657335914146
            ],
            [
              106.22735972570268,
              29.375957134779867
            ],
            [
              106.22595957213457,
              29.37345695298859
            ],
            [
              106.22465960304055,
              29.37095680806948
            ],
            [
              106.22353523286802,
              29.368361692945484
            ],
            [
              106.2233591312255,
              29.367956670679064
            ],
            [
              106.22245907534943,
              29.365156521823565
            ],
            [
              106.22125922687758,
              29.36215638623179
            ],
            [
              106.22005925969523,
              29.359355165384386
            ],
            [
              106.21905797882954,
              29.356355038785864
            ],
            [
              106.21835814261414,
              29.353254914772208
            ],
            [
              106.21727227871293,
              29.35125048155163
            ],
            [
              106.2170580826886,
              29.350854741187845
            ],
            [
              106.2151579267566,
              29.349054607851997
            ],
            [
              106.21285784771413,
              29.34655440267835
            ],
            [
              106.21085755856944,
              29.344154208409577
            ],
            [
              106.20895780373507,
              29.342054091821694
            ],
            [
              106.20715773425104,
              29.33935392239482
            ],
            [
              106.20575768680294,
              29.338053856173985
            ],
            [
              106.20375742373864,
              29.337453773657387
            ],
            [
              106.20185728489378,
              29.33705373273574
            ],
            [
              106.19965733366803,
              29.336653588391982
            ],
            [
              106.19825720078438,
              29.335753510932193
            ],
            [
              106.19715737221065,
              29.333853427845327
            ],
            [
              106.19615732431544,
              29.331853311370423
            ],
            [
              106.19465703933326,
              29.329053146327112
            ],
            [
              106.19265717916522,
              29.326252996572293
            ],
            [
              106.19055730719288,
              29.324852843903557
            ],
            [
              106.18775712955909,
              29.32275267155768
            ],
            [
              106.1850570536617,
              29.32105252034836
            ],
            [
              106.18245707230619,
              29.319152366215064
            ],
            [
              106.17935587989797,
              29.316351092307684
            ],
            [
              106.17876876110842,
              29.315443126894365
            ],
            [
              106.1771558846055,
              29.312950940975213
            ],
            [
              106.1749554027798,
              29.310550771887506
            ],
            [
              106.17355574114083,
              29.30765060493252
            ],
            [
              106.1724554943824,
              29.30505046079969
            ],
            [
              106.17175564287851,
              29.30325035983941
            ],
            [
              106.17015541533993,
              29.302350276983645
            ],
            [
              106.16825525131401,
              29.30215021200638
            ],
            [
              106.16575533572205,
              29.30275013714163
            ],
            [
              106.16235506298113,
              29.30345007138311
            ],
            [
              106.15925510804004,
              29.304250049804466
            ],
            [
              106.15685529508386,
              29.30524999337831
            ],
            [
              106.15455525741021,
              29.305549909181195
            ],
            [
              106.15265510597482,
              29.304249861846188
            ],
            [
              106.15105523456776,
              29.30224972738489
            ],
            [
              106.14965509089217,
              29.300449608438157
            ],
            [
              106.14845481344378,
              29.298049437551754
            ],
            [
              106.1465550720992,
              29.296649384707734
            ],
            [
              106.14495484006403,
              29.29574929915401
            ],
            [
              106.14295499518443,
              29.295949221139097
            ],
            [
              106.1422548028375,
              29.29684923924367
            ],
            [
              106.14105490040635,
              29.298549280735642
            ],
            [
              106.1399546662384,
              29.299149243642432
            ],
            [
              106.1380545462793,
              29.29964924330835
            ],
            [
              106.13525371303973,
              29.29984914101169
            ],
            [
              106.13295366907079,
              29.29984907536118
            ],
            [
              106.13175373336475,
              29.299349081091236
            ],
            [
              106.13135379766373,
              29.297848972376187
            ],
            [
              106.13175368030471,
              29.295448845556564
            ],
            [
              106.13245357137879,
              29.293648785965104
            ],
            [
              106.13065350459271,
              29.291248693319744
            ],
            [
              106.12775360743433,
              29.289148458021316
            ],
            [
              106.12525335639526,
              29.287948364034605
            ],
            [
              106.12325349892512,
              29.287548228684102
            ],
            [
              106.120953367722,
              29.28794824172678
            ],
            [
              106.11935312219697,
              29.28814817270512
            ],
            [
              106.11785340468703,
              29.288248135046615
            ],
            [
              106.11705305574498,
              29.286748109069208
            ],
            [
              106.11725316029242,
              29.284948033289936
            ],
            [
              106.1169533236299,
              29.283647908613204
            ],
            [
              106.11415319635813,
              29.2848478488159
            ],
            [
              106.111953171388,
              29.286247907955158
            ],
            [
              106.11025285110622,
              29.28784793314628
            ],
            [
              106.11015319903078,
              29.290748056034545
            ],
            [
              106.10965322094859,
              29.292748098764946
            ],
            [
              106.10865313618115,
              29.29474812710629
            ],
            [
              106.10755291730169,
              29.296348198162832
            ],
            [
              106.1063531236885,
              29.29704822413521
            ],
            [
              106.10465309478701,
              29.29734815792449
            ],
            [
              106.10255324439845,
              29.297348098569273
            ],
            [
              106.10015298897582,
              29.295847995250142
            ],
            [
              106.09785290993335,
              29.293547799295823
            ],
            [
              106.09665295714012,
              29.29164770991366
            ],
            [
              106.09555284617932,
              29.291847657079757
            ],
            [
              106.09385282986835,
              29.29324770093058
            ],
            [
              106.09265192559246,
              29.29494774062391
            ],
            [
              106.09095200101234,
              29.29594773815711
            ],
            [
              106.08865187610445,
              29.296747705786572
            ],
            [
              106.08665175693164,
              29.297647688817563
            ],
            [
              106.08505184235707,
              29.299247650156815
            ],
            [
              106.08415184313827,
              29.300647747966934
            ],
            [
              106.0833515355651,
              29.302047818797405
            ],
            [
              106.08165161278362,
              29.303147787665353
            ],
            [
              106.08115161671498,
              29.304047813863804
            ],
            [
              106.08125176971276,
              29.305847895038994
            ],
            [
              106.08245161099006,
              29.308648052887747
            ],
            [
              106.08425166788356,
              29.310249171654448
            ],
            [
              106.085452023573,
              29.311549229781406
            ],
            [
              106.0871519877233,
              29.313549338162318
            ],
            [
              106.08765202426144,
              29.315249456996014
            ],
            [
              106.08694032239117,
              29.316363679218796
            ],
            [
              106.08555939632805,
              29.316966403943525
            ],
            [
              106.08476682472298,
              29.317173826274313
            ],
            [
              106.08345185044084,
              29.317549467690014
            ],
            [
              106.08085193203789,
              29.317949381807296
            ],
            [
              106.0794519142674,
              29.31864937090745
            ],
            [
              106.07835209558624,
              29.319749390137417
            ],
            [
              106.07725190728377,
              29.321249455685006
            ],
            [
              106.07595189861956,
              29.32234943624411
            ],
            [
              106.07355174661893,
              29.3235494816675
            ],
            [
              106.07105194344223,
              29.32534949089694
            ],
            [
              106.06885192027079,
              29.326749424131094
            ],
            [
              106.06655189698625,
              29.328249456403796
            ],
            [
              106.0645516546063,
              29.329349448654114
            ],
            [
              106.06125191707503,
              29.330149388404607
            ],
            [
              106.05845177721278,
              29.3306492702593
            ],
            [
              106.05575172829504,
              29.330949267001188
            ],
            [
              106.05255158078597,
              29.331449166842333
            ],
            [
              106.04935152320911,
              29.331649146384052
            ],
            [
              106.04735125924543,
              29.33104903239115
            ],
            [
              106.04465119773721,
              29.330448895915254
            ]
          ]
        ]
      }
    }
  ]
}