{
  "type": "FeatureCollection",
  "features": [
    {
      "type": "Feature",
      "properties": {
        "MJ": null,
        "BZ": null,
        "MC": "MC",
        "DM": "500000000000",
        "FLDM": null,
        "ZZJGDM": null,
        "SZDDZ": null,
        "LX": "11",
        "GXSJ": null,
        "SHAPE_AREA": 7.70988,
        "SHAPE_LEN": 31.287539
      },
      "geometry": {
        "type": "Polygon",
        "coordinates": [
          [
            [
              106.2488,
              29.5313
            ],
            [
              106.2488,
              29.5313
            ],
            [
              106.2598,
              29.5917
            ],
            [
              106.2817,
              29.6246
            ],
            [
              106.2708,
              29.6356
            ],
            [
              106.2927,
              29.6356
            ],
            [
              106.2817,
              29.6521
            ],
            [
              106.2927,
              29.6631
            ],
            [
              106.2817,
              29.6741
            ],
            [
              106.2817,
              29.7015
            ],
            [
              106.2927,
              29.707
            ],
            [
              106.3037,
              29.7345
            ],
            [
              106.3147,
              29.74
            ],
            [
              106.3257,
              29.729
            ],
            [
              106.3696,
              29.7345
            ],
            [
              106.3696,
              29.7455
            ],
            [
              106.3806,
              29.7455
            ],
            [
              106.3916,
              29.74
            ],
            [
              106.4136,
              29.74
            ],
            [
              106.4136,
              29.751
            ],
            [
              106.4355,
              29.751
            ],
            [
              106.4465,
              29.7455
            ],
            [
              106.4465,
              29.7345
            ],
            [
              106.4246,
              29.6576
            ],
            [
              106.4465,
              29.6521
            ],
            [
              106.4575,
              29.6686
            ],
            [
              106.4685,
              29.6521
            ],
            [
              106.4465,
              29.6301
            ],
            [
              106.4575,
              29.6082
            ],
            [
              106.4575,
              29.5862
            ],
            [
              106.4905,
              29.5532
            ],
            [
              106.4795,
              29.5477
            ],
            [
              106.4795,
              29.5367
            ],
            [
              106.4575,
              29.5313
            ],
            [
              106.4355,
              29.4928
            ],
            [
              106.4355,
              29.4983
            ],
            [
              106.4136,
              29.4928
            ],
            [
              106.4026,
              29.4983
            ],
            [
              106.4136,
              29.5422
            ],
            [
              106.4026,
              29.5422
            ],
            [
              106.3916,
              29.5477
            ],
            [
              106.3916,
              29.5367
            ],
            [
              106.3806,
              29.5367
            ],
            [
              106.3806,
              29.5477
            ],
            [
              106.3586,
              29.5587
            ],
            [
              106.3477,
              29.5587
            ],
            [
              106.3367,
              29.5422
            ],
            [
              106.2927,
              29.5422
            ],
            [
              106.2927,
              29.5313
            ]
          ]
        ]
      }
    }
  ]
}